GEO.id,GEO.id2,GEO.display-label,HD01_VD01,HD02_VD01,HD01_VD02,HD02_VD02,HD01_VD03,HD02_VD03
Id,Id2,Geography,Estimate; Total:,Margin of Error; Total:,Estimate; Total: - Occupied,Margin of Error; Total: - Occupied,Estimate; Total: - Vacant,Margin of Error; Total: - Vacant
1500000US360290001101,360290001101,"Block Group 1, Census Tract 1.10, Erie County, New York",352,81,291,84,61,65
1500000US360290001102,360290001102,"Block Group 2, Census Tract 1.10, Erie County, New York",0,12,0,12,0,12
1500000US360290001103,360290001103,"Block Group 3, Census Tract 1.10, Erie County, New York",310,75,258,71,52,45
1500000US360290001104,360290001104,"Block Group 4, Census Tract 1.10, Erie County, New York",540,100,485,109,55,60
1500000US360290002001,360290002001,"Block Group 1, Census Tract 2, Erie County, New York",465,89,465,89,0,12
1500000US360290002002,360290002002,"Block Group 2, Census Tract 2, Erie County, New York",302,81,271,71,31,49
1500000US360290002003,360290002003,"Block Group 3, Census Tract 2, Erie County, New York",654,105,606,111,48,54
1500000US360290002004,360290002004,"Block Group 4, Census Tract 2, Erie County, New York",537,104,477,94,60,66
1500000US360290005001,360290005001,"Block Group 1, Census Tract 5, Erie County, New York",504,82,379,82,125,71
1500000US360290005002,360290005002,"Block Group 2, Census Tract 5, Erie County, New York",553,80,466,71,87,71
1500000US360290006001,360290006001,"Block Group 1, Census Tract 6, Erie County, New York",722,109,722,109,0,12
1500000US360290006002,360290006002,"Block Group 2, Census Tract 6, Erie County, New York",616,117,557,113,59,95
1500000US360290006003,360290006003,"Block Group 3, Census Tract 6, Erie County, New York",618,129,571,147,47,76
1500000US360290006004,360290006004,"Block Group 4, Census Tract 6, Erie County, New York",320,114,273,100,47,76
1500000US360290007001,360290007001,"Block Group 1, Census Tract 7, Erie County, New York",235,60,210,48,25,41
1500000US360290007002,360290007002,"Block Group 2, Census Tract 7, Erie County, New York",368,65,342,61,26,41
1500000US360290007003,360290007003,"Block Group 3, Census Tract 7, Erie County, New York",240,43,240,43,0,12
1500000US360290007004,360290007004,"Block Group 4, Census Tract 7, Erie County, New York",498,82,439,83,59,65
1500000US360290007005,360290007005,"Block Group 5, Census Tract 7, Erie County, New York",346,69,346,69,0,12
1500000US360290008001,360290008001,"Block Group 1, Census Tract 8, Erie County, New York",342,81,315,88,27,34
1500000US360290008002,360290008002,"Block Group 2, Census Tract 8, Erie County, New York",849,119,706,108,143,92
1500000US360290008003,360290008003,"Block Group 3, Census Tract 8, Erie County, New York",741,105,690,109,51,55
1500000US360290008004,360290008004,"Block Group 4, Census Tract 8, Erie County, New York",202,63,175,69,27,44
1500000US360290009001,360290009001,"Block Group 1, Census Tract 9, Erie County, New York",259,60,202,58,57,56
1500000US360290009002,360290009002,"Block Group 2, Census Tract 9, Erie County, New York",432,70,388,70,44,51
1500000US360290009003,360290009003,"Block Group 3, Census Tract 9, Erie County, New York",427,78,419,79,8,13
1500000US360290010001,360290010001,"Block Group 1, Census Tract 10, Erie County, New York",441,112,302,100,139,100
1500000US360290010002,360290010002,"Block Group 2, Census Tract 10, Erie County, New York",437,134,359,141,78,91
1500000US360290010003,360290010003,"Block Group 3, Census Tract 10, Erie County, New York",456,118,400,104,56,70
1500000US360290010004,360290010004,"Block Group 4, Census Tract 10, Erie County, New York",334,102,334,102,0,12
1500000US360290010005,360290010005,"Block Group 5, Census Tract 10, Erie County, New York",1033,189,901,167,132,111
1500000US360290011001,360290011001,"Block Group 1, Census Tract 11, Erie County, New York",662,104,630,104,32,40
1500000US360290011002,360290011002,"Block Group 2, Census Tract 11, Erie County, New York",307,61,277,64,30,30
1500000US360290011003,360290011003,"Block Group 3, Census Tract 11, Erie County, New York",537,97,513,96,24,38
1500000US360290014021,360290014021,"Block Group 1, Census Tract 14.02, Erie County, New York",501,107,445,104,56,65
1500000US360290014022,360290014022,"Block Group 2, Census Tract 14.02, Erie County, New York",369,125,344,129,25,41
1500000US360290014023,360290014023,"Block Group 3, Census Tract 14.02, Erie County, New York",600,127,552,122,48,52
1500000US360290014024,360290014024,"Block Group 4, Census Tract 14.02, Erie County, New York",446,113,423,108,23,37
1500000US360290015001,360290015001,"Block Group 1, Census Tract 15, Erie County, New York",343,73,275,65,68,64
1500000US360290015002,360290015002,"Block Group 2, Census Tract 15, Erie County, New York",616,90,447,80,169,91
1500000US360290016001,360290016001,"Block Group 1, Census Tract 16, Erie County, New York",423,93,250,79,173,70
1500000US360290016002,360290016002,"Block Group 2, Census Tract 16, Erie County, New York",597,100,426,97,171,74
1500000US360290016003,360290016003,"Block Group 3, Census Tract 16, Erie County, New York",259,84,133,80,126,71
1500000US360290016004,360290016004,"Block Group 4, Census Tract 16, Erie County, New York",551,97,232,73,319,94
1500000US360290017001,360290017001,"Block Group 1, Census Tract 17, Erie County, New York",720,75,596,70,124,61
1500000US360290017002,360290017002,"Block Group 2, Census Tract 17, Erie County, New York",312,76,232,73,80,61
1500000US360290019001,360290019001,"Block Group 1, Census Tract 19, Erie County, New York",588,97,514,75,74,73
1500000US360290019002,360290019002,"Block Group 2, Census Tract 19, Erie County, New York",736,101,674,101,62,70
1500000US360290019003,360290019003,"Block Group 3, Census Tract 19, Erie County, New York",285,80,246,82,39,49
1500000US360290023001,360290023001,"Block Group 1, Census Tract 23, Erie County, New York",460,99,381,91,79,68
1500000US360290023002,360290023002,"Block Group 2, Census Tract 23, Erie County, New York",309,98,282,90,27,43
1500000US360290023003,360290023003,"Block Group 3, Census Tract 23, Erie County, New York",267,73,259,75,8,13
1500000US360290023004,360290023004,"Block Group 4, Census Tract 23, Erie County, New York",606,114,529,114,77,69
1500000US360290024001,360290024001,"Block Group 1, Census Tract 24, Erie County, New York",368,153,233,104,135,124
1500000US360290024002,360290024002,"Block Group 2, Census Tract 24, Erie County, New York",307,119,121,66,186,111
1500000US360290024003,360290024003,"Block Group 3, Census Tract 24, Erie County, New York",595,131,449,119,146,85
1500000US360290024004,360290024004,"Block Group 4, Census Tract 24, Erie County, New York",458,107,435,114,23,36
1500000US360290024005,360290024005,"Block Group 5, Census Tract 24, Erie County, New York",269,85,235,74,34,54
1500000US360290024006,360290024006,"Block Group 6, Census Tract 24, Erie County, New York",399,123,356,116,43,56
1500000US360290025021,360290025021,"Block Group 1, Census Tract 25.02, Erie County, New York",544,113,521,120,23,24
1500000US360290025022,360290025022,"Block Group 2, Census Tract 25.02, Erie County, New York",611,107,536,102,75,68
1500000US360290027021,360290027021,"Block Group 1, Census Tract 27.02, Erie County, New York",361,91,147,64,214,82
1500000US360290027022,360290027022,"Block Group 2, Census Tract 27.02, Erie County, New York",247,79,128,65,119,58
1500000US360290027023,360290027023,"Block Group 3, Census Tract 27.02, Erie County, New York",432,82,262,86,170,71
1500000US360290027024,360290027024,"Block Group 4, Census Tract 27.02, Erie County, New York",501,97,396,90,105,69
1500000US360290028001,360290028001,"Block Group 1, Census Tract 28, Erie County, New York",241,56,170,50,71,41
1500000US360290028002,360290028002,"Block Group 2, Census Tract 28, Erie County, New York",427,107,220,77,207,81
1500000US360290028003,360290028003,"Block Group 3, Census Tract 28, Erie County, New York",222,66,108,53,114,53
1500000US360290028004,360290028004,"Block Group 4, Census Tract 28, Erie County, New York",485,86,407,83,78,51
1500000US360290029001,360290029001,"Block Group 1, Census Tract 29, Erie County, New York",296,108,148,80,148,84
1500000US360290029002,360290029002,"Block Group 2, Census Tract 29, Erie County, New York",364,102,233,96,131,90
1500000US360290029003,360290029003,"Block Group 3, Census Tract 29, Erie County, New York",334,111,177,84,157,88
1500000US360290029004,360290029004,"Block Group 4, Census Tract 29, Erie County, New York",357,102,230,85,127,76
1500000US360290030001,360290030001,"Block Group 1, Census Tract 30, Erie County, New York",340,102,269,96,71,63
1500000US360290030002,360290030002,"Block Group 2, Census Tract 30, Erie County, New York",612,105,489,87,123,73
1500000US360290030003,360290030003,"Block Group 3, Census Tract 30, Erie County, New York",447,91,257,84,190,80
1500000US360290031001,360290031001,"Block Group 1, Census Tract 31, Erie County, New York",338,107,163,89,175,99
1500000US360290031002,360290031002,"Block Group 2, Census Tract 31, Erie County, New York",417,117,291,114,126,94
1500000US360290031003,360290031003,"Block Group 3, Census Tract 31, Erie County, New York",498,103,309,98,189,94
1500000US360290031004,360290031004,"Block Group 4, Census Tract 31, Erie County, New York",139,60,111,58,28,40
1500000US360290033011,360290033011,"Block Group 1, Census Tract 33.01, Erie County, New York",325,94,251,90,74,52
1500000US360290033012,360290033012,"Block Group 2, Census Tract 33.01, Erie County, New York",431,101,334,95,97,68
1500000US360290033013,360290033013,"Block Group 3, Census Tract 33.01, Erie County, New York",659,117,474,113,185,86
1500000US360290033014,360290033014,"Block Group 4, Census Tract 33.01, Erie County, New York",470,109,373,106,97,56
1500000US360290033021,360290033021,"Block Group 1, Census Tract 33.02, Erie County, New York",530,115,364,118,166,91
1500000US360290033022,360290033022,"Block Group 2, Census Tract 33.02, Erie County, New York",571,133,467,130,104,85
1500000US360290033023,360290033023,"Block Group 3, Census Tract 33.02, Erie County, New York",471,115,319,93,152,94
1500000US360290033024,360290033024,"Block Group 4, Census Tract 33.02, Erie County, New York",404,105,283,83,121,85
1500000US360290034001,360290034001,"Block Group 1, Census Tract 34, Erie County, New York",434,97,304,87,130,84
1500000US360290034002,360290034002,"Block Group 2, Census Tract 34, Erie County, New York",338,89,243,82,95,67
1500000US360290034003,360290034003,"Block Group 3, Census Tract 34, Erie County, New York",421,106,245,99,176,93
1500000US360290034004,360290034004,"Block Group 4, Census Tract 34, Erie County, New York",244,95,221,97,23,39
1500000US360290034005,360290034005,"Block Group 5, Census Tract 34, Erie County, New York",216,71,140,53,76,69
1500000US360290035001,360290035001,"Block Group 1, Census Tract 35, Erie County, New York",230,81,185,68,45,51
1500000US360290035002,360290035002,"Block Group 2, Census Tract 35, Erie County, New York",485,99,341,88,144,87
1500000US360290035003,360290035003,"Block Group 3, Census Tract 35, Erie County, New York",653,125,504,115,149,80
1500000US360290035004,360290035004,"Block Group 4, Census Tract 35, Erie County, New York",658,90,489,92,169,60
1500000US360290036001,360290036001,"Block Group 1, Census Tract 36, Erie County, New York",353,110,242,89,111,88
1500000US360290036002,360290036002,"Block Group 2, Census Tract 36, Erie County, New York",377,97,249,73,128,78
1500000US360290036003,360290036003,"Block Group 3, Census Tract 36, Erie County, New York",557,126,391,123,166,84
1500000US360290036004,360290036004,"Block Group 4, Census Tract 36, Erie County, New York",210,90,159,76,51,59
1500000US360290037001,360290037001,"Block Group 1, Census Tract 37, Erie County, New York",502,112,384,108,118,75
1500000US360290037002,360290037002,"Block Group 2, Census Tract 37, Erie County, New York",460,118,385,105,75,61
1500000US360290037003,360290037003,"Block Group 3, Census Tract 37, Erie County, New York",235,81,178,70,57,52
1500000US360290037004,360290037004,"Block Group 4, Census Tract 37, Erie County, New York",496,105,401,91,95,73
1500000US360290037005,360290037005,"Block Group 5, Census Tract 37, Erie County, New York",330,92,273,79,57,55
1500000US360290038001,360290038001,"Block Group 1, Census Tract 38, Erie County, New York",560,102,447,108,113,74
1500000US360290038002,360290038002,"Block Group 2, Census Tract 38, Erie County, New York",247,79,232,77,15,25
1500000US360290038003,360290038003,"Block Group 3, Census Tract 38, Erie County, New York",548,107,472,110,76,57
1500000US360290039011,360290039011,"Block Group 1, Census Tract 39.01, Erie County, New York",614,18,488,68,126,64
1500000US360290040011,360290040011,"Block Group 1, Census Tract 40.01, Erie County, New York",670,115,574,107,96,76
1500000US360290040012,360290040012,"Block Group 2, Census Tract 40.01, Erie County, New York",416,110,250,89,166,97
1500000US360290040013,360290040013,"Block Group 3, Census Tract 40.01, Erie County, New York",501,131,400,122,101,79
1500000US360290040014,360290040014,"Block Group 4, Census Tract 40.01, Erie County, New York",358,116,245,97,113,79
1500000US360290040015,360290040015,"Block Group 5, Census Tract 40.01, Erie County, New York",311,82,256,69,55,45
1500000US360290041001,360290041001,"Block Group 1, Census Tract 41, Erie County, New York",713,111,538,106,175,81
1500000US360290041002,360290041002,"Block Group 2, Census Tract 41, Erie County, New York",559,92,540,93,19,31
1500000US360290041003,360290041003,"Block Group 3, Census Tract 41, Erie County, New York",452,79,374,79,78,56
1500000US360290041004,360290041004,"Block Group 4, Census Tract 41, Erie County, New York",607,99,475,109,132,65
1500000US360290042001,360290042001,"Block Group 1, Census Tract 42, Erie County, New York",305,96,264,95,41,31
1500000US360290042002,360290042002,"Block Group 2, Census Tract 42, Erie County, New York",330,74,243,74,87,60
1500000US360290042003,360290042003,"Block Group 3, Census Tract 42, Erie County, New York",288,80,221,79,67,43
1500000US360290042004,360290042004,"Block Group 4, Census Tract 42, Erie County, New York",327,93,309,90,18,30
1500000US360290042005,360290042005,"Block Group 5, Census Tract 42, Erie County, New York",420,105,420,105,0,12
1500000US360290043001,360290043001,"Block Group 1, Census Tract 43, Erie County, New York",507,143,404,135,103,90
1500000US360290043002,360290043002,"Block Group 2, Census Tract 43, Erie County, New York",314,99,290,98,24,42
1500000US360290043003,360290043003,"Block Group 3, Census Tract 43, Erie County, New York",479,150,336,143,143,115
1500000US360290043004,360290043004,"Block Group 4, Census Tract 43, Erie County, New York",164,57,164,57,0,12
1500000US360290043005,360290043005,"Block Group 5, Census Tract 43, Erie County, New York",366,136,366,136,0,12
1500000US360290043006,360290043006,"Block Group 6, Census Tract 43, Erie County, New York",501,144,342,117,159,99
1500000US360290043007,360290043007,"Block Group 7, Census Tract 43, Erie County, New York",189,93,156,78,33,54
1500000US360290044011,360290044011,"Block Group 1, Census Tract 44.01, Erie County, New York",372,83,320,90,52,44
1500000US360290044012,360290044012,"Block Group 2, Census Tract 44.01, Erie County, New York",513,97,402,96,111,65
1500000US360290044013,360290044013,"Block Group 3, Census Tract 44.01, Erie County, New York",701,105,601,109,100,57
1500000US360290044014,360290044014,"Block Group 4, Census Tract 44.01, Erie County, New York",572,98,492,95,80,57
1500000US360290044021,360290044021,"Block Group 1, Census Tract 44.02, Erie County, New York",769,92,719,103,50,46
1500000US360290044022,360290044022,"Block Group 2, Census Tract 44.02, Erie County, New York",525,88,502,94,23,37
1500000US360290045001,360290045001,"Block Group 1, Census Tract 45, Erie County, New York",601,128,550,113,51,63
1500000US360290045002,360290045002,"Block Group 2, Census Tract 45, Erie County, New York",646,114,581,119,65,72
1500000US360290045003,360290045003,"Block Group 3, Census Tract 45, Erie County, New York",594,127,561,124,33,53
1500000US360290045004,360290045004,"Block Group 4, Census Tract 45, Erie County, New York",340,100,340,100,0,12
1500000US360290045005,360290045005,"Block Group 5, Census Tract 45, Erie County, New York",360,106,360,106,0,12
1500000US360290045006,360290045006,"Block Group 6, Census Tract 45, Erie County, New York",206,66,173,64,33,52
1500000US360290046011,360290046011,"Block Group 1, Census Tract 46.01, Erie County, New York",290,71,290,71,0,12
1500000US360290046012,360290046012,"Block Group 2, Census Tract 46.01, Erie County, New York",373,84,335,84,38,49
1500000US360290046013,360290046013,"Block Group 3, Census Tract 46.01, Erie County, New York",371,80,363,80,8,12
1500000US360290046014,360290046014,"Block Group 4, Census Tract 46.01, Erie County, New York",408,99,344,96,64,58
1500000US360290046021,360290046021,"Block Group 1, Census Tract 46.02, Erie County, New York",4,3,4,3,0,12
1500000US360290047001,360290047001,"Block Group 1, Census Tract 47, Erie County, New York",475,129,403,120,72,81
1500000US360290047002,360290047002,"Block Group 2, Census Tract 47, Erie County, New York",457,142,375,147,82,78
1500000US360290047003,360290047003,"Block Group 3, Census Tract 47, Erie County, New York",629,159,496,158,133,99
1500000US360290047004,360290047004,"Block Group 4, Census Tract 47, Erie County, New York",652,157,616,161,36,62
1500000US360290047005,360290047005,"Block Group 5, Census Tract 47, Erie County, New York",840,184,657,178,183,116
1500000US360290048001,360290048001,"Block Group 1, Census Tract 48, Erie County, New York",649,101,618,100,31,51
1500000US360290048002,360290048002,"Block Group 2, Census Tract 48, Erie County, New York",651,89,625,86,26,41
1500000US360290048003,360290048003,"Block Group 3, Census Tract 48, Erie County, New York",613,88,613,88,0,12
1500000US360290049001,360290049001,"Block Group 1, Census Tract 49, Erie County, New York",865,160,865,160,0,12
1500000US360290049002,360290049002,"Block Group 2, Census Tract 49, Erie County, New York",852,194,720,173,132,99
1500000US360290049003,360290049003,"Block Group 3, Census Tract 49, Erie County, New York",348,125,322,129,26,29
1500000US360290049004,360290049004,"Block Group 4, Census Tract 49, Erie County, New York",323,121,286,104,37,63
1500000US360290049005,360290049005,"Block Group 5, Census Tract 49, Erie County, New York",811,157,719,151,92,88
1500000US360290050001,360290050001,"Block Group 1, Census Tract 50, Erie County, New York",524,117,524,117,0,12
1500000US360290050002,360290050002,"Block Group 2, Census Tract 50, Erie County, New York",290,83,290,83,0,12
1500000US360290050003,360290050003,"Block Group 3, Census Tract 50, Erie County, New York",474,114,402,116,72,55
1500000US360290051001,360290051001,"Block Group 1, Census Tract 51, Erie County, New York",938,165,863,156,75,95
1500000US360290051002,360290051002,"Block Group 2, Census Tract 51, Erie County, New York",435,113,435,113,0,12
1500000US360290051003,360290051003,"Block Group 3, Census Tract 51, Erie County, New York",744,145,744,145,0,12
1500000US360290051004,360290051004,"Block Group 4, Census Tract 51, Erie County, New York",396,125,375,126,21,33
1500000US360290052011,360290052011,"Block Group 1, Census Tract 52.01, Erie County, New York",525,76,383,62,142,84
1500000US360290052012,360290052012,"Block Group 2, Census Tract 52.01, Erie County, New York",292,63,292,63,0,12
1500000US360290052013,360290052013,"Block Group 3, Census Tract 52.01, Erie County, New York",254,99,225,90,29,46
1500000US360290052014,360290052014,"Block Group 4, Census Tract 52.01, Erie County, New York",505,110,459,116,46,56
1500000US360290052021,360290052021,"Block Group 1, Census Tract 52.02, Erie County, New York",377,81,273,62,104,56
1500000US360290052022,360290052022,"Block Group 2, Census Tract 52.02, Erie County, New York",677,76,544,93,133,73
1500000US360290053001,360290053001,"Block Group 1, Census Tract 53, Erie County, New York",291,53,262,54,29,35
1500000US360290053002,360290053002,"Block Group 2, Census Tract 53, Erie County, New York",273,53,252,54,21,33
1500000US360290054001,360290054001,"Block Group 1, Census Tract 54, Erie County, New York",776,107,717,108,59,47
1500000US360290054002,360290054002,"Block Group 2, Census Tract 54, Erie County, New York",432,89,361,86,71,65
1500000US360290054003,360290054003,"Block Group 3, Census Tract 54, Erie County, New York",307,71,307,71,0,12
1500000US360290054004,360290054004,"Block Group 4, Census Tract 54, Erie County, New York",554,81,554,81,0,12
1500000US360290055001,360290055001,"Block Group 1, Census Tract 55, Erie County, New York",455,84,347,90,108,69
1500000US360290055002,360290055002,"Block Group 2, Census Tract 55, Erie County, New York",670,103,587,108,83,64
1500000US360290055003,360290055003,"Block Group 3, Census Tract 55, Erie County, New York",485,104,320,90,165,75
1500000US360290055004,360290055004,"Block Group 4, Census Tract 55, Erie County, New York",450,95,389,97,61,56
1500000US360290056001,360290056001,"Block Group 1, Census Tract 56, Erie County, New York",309,84,269,90,40,49
1500000US360290056002,360290056002,"Block Group 2, Census Tract 56, Erie County, New York",289,75,289,75,0,12
1500000US360290056003,360290056003,"Block Group 3, Census Tract 56, Erie County, New York",652,138,572,127,80,75
1500000US360290056004,360290056004,"Block Group 4, Census Tract 56, Erie County, New York",479,104,337,95,142,101
1500000US360290056005,360290056005,"Block Group 5, Census Tract 56, Erie County, New York",295,73,247,60,48,52
1500000US360290057001,360290057001,"Block Group 1, Census Tract 57, Erie County, New York",438,98,348,102,90,61
1500000US360290057002,360290057002,"Block Group 2, Census Tract 57, Erie County, New York",379,102,325,94,54,42
1500000US360290057003,360290057003,"Block Group 3, Census Tract 57, Erie County, New York",513,96,362,80,151,85
1500000US360290058011,360290058011,"Block Group 1, Census Tract 58.01, Erie County, New York",618,109,544,97,74,70
1500000US360290058012,360290058012,"Block Group 2, Census Tract 58.01, Erie County, New York",496,116,428,113,68,72
1500000US360290058013,360290058013,"Block Group 3, Census Tract 58.01, Erie County, New York",375,101,375,101,0,12
1500000US360290058021,360290058021,"Block Group 1, Census Tract 58.02, Erie County, New York",402,111,370,110,32,49
1500000US360290058022,360290058022,"Block Group 2, Census Tract 58.02, Erie County, New York",589,124,441,98,148,95
1500000US360290058023,360290058023,"Block Group 3, Census Tract 58.02, Erie County, New York",331,99,262,88,69,65
1500000US360290058024,360290058024,"Block Group 4, Census Tract 58.02, Erie County, New York",621,126,558,113,63,58
1500000US360290059001,360290059001,"Block Group 1, Census Tract 59, Erie County, New York",276,94,276,94,0,12
1500000US360290059002,360290059002,"Block Group 2, Census Tract 59, Erie County, New York",327,103,301,97,26,42
1500000US360290059003,360290059003,"Block Group 3, Census Tract 59, Erie County, New York",349,106,264,90,85,72
1500000US360290059004,360290059004,"Block Group 4, Census Tract 59, Erie County, New York",388,104,356,105,32,51
1500000US360290059005,360290059005,"Block Group 5, Census Tract 59, Erie County, New York",589,129,589,129,0,12
1500000US360290061001,360290061001,"Block Group 1, Census Tract 61, Erie County, New York",552,128,429,117,123,85
1500000US360290061002,360290061002,"Block Group 2, Census Tract 61, Erie County, New York",373,78,326,76,47,54
1500000US360290061003,360290061003,"Block Group 3, Census Tract 61, Erie County, New York",321,102,225,85,96,70
1500000US360290061004,360290061004,"Block Group 4, Census Tract 61, Erie County, New York",557,114,435,113,122,76
1500000US360290061005,360290061005,"Block Group 5, Census Tract 61, Erie County, New York",457,109,381,101,76,61
1500000US360290062011,360290062011,"Block Group 1, Census Tract 62.01, Erie County, New York",0,12,0,12,0,12
1500000US360290063011,360290063011,"Block Group 1, Census Tract 63.01, Erie County, New York",474,128,474,128,0,12
1500000US360290063012,360290063012,"Block Group 2, Census Tract 63.01, Erie County, New York",523,123,523,123,0,12
1500000US360290063013,360290063013,"Block Group 3, Census Tract 63.01, Erie County, New York",366,117,366,117,0,12
1500000US360290063014,360290063014,"Block Group 4, Census Tract 63.01, Erie County, New York",731,174,613,147,118,111
1500000US360290063015,360290063015,"Block Group 5, Census Tract 63.01, Erie County, New York",272,93,227,79,45,55
1500000US360290063021,360290063021,"Block Group 1, Census Tract 63.02, Erie County, New York",503,86,431,88,72,61
1500000US360290063022,360290063022,"Block Group 2, Census Tract 63.02, Erie County, New York",543,86,510,79,33,54
1500000US360290063023,360290063023,"Block Group 3, Census Tract 63.02, Erie County, New York",327,79,327,79,0,12
1500000US360290065011,360290065011,"Block Group 1, Census Tract 65.01, Erie County, New York",446,103,429,101,17,28
1500000US360290065012,360290065012,"Block Group 2, Census Tract 65.01, Erie County, New York",414,92,346,86,68,63
1500000US360290065013,360290065013,"Block Group 3, Census Tract 65.01, Erie County, New York",410,89,275,87,135,93
1500000US360290065014,360290065014,"Block Group 4, Census Tract 65.01, Erie County, New York",315,106,263,92,52,60
1500000US360290066011,360290066011,"Block Group 1, Census Tract 66.01, Erie County, New York",275,90,222,74,53,61
1500000US360290066012,360290066012,"Block Group 2, Census Tract 66.01, Erie County, New York",737,123,701,119,36,43
1500000US360290066013,360290066013,"Block Group 3, Census Tract 66.01, Erie County, New York",399,121,373,118,26,42
1500000US360290066021,360290066021,"Block Group 1, Census Tract 66.02, Erie County, New York",510,81,456,74,54,55
1500000US360290066022,360290066022,"Block Group 2, Census Tract 66.02, Erie County, New York",416,75,326,74,90,73
1500000US360290066023,360290066023,"Block Group 3, Census Tract 66.02, Erie County, New York",575,94,481,103,94,71
1500000US360290067011,360290067011,"Block Group 1, Census Tract 67.01, Erie County, New York",921,150,843,157,78,75
1500000US360290067012,360290067012,"Block Group 2, Census Tract 67.01, Erie County, New York",578,119,482,118,96,87
1500000US360290067013,360290067013,"Block Group 3, Census Tract 67.01, Erie County, New York",842,112,691,118,151,97
1500000US360290067021,360290067021,"Block Group 1, Census Tract 67.02, Erie County, New York",857,162,784,161,73,75
1500000US360290067022,360290067022,"Block Group 2, Census Tract 67.02, Erie County, New York",1152,166,1085,161,67,69
1500000US360290067023,360290067023,"Block Group 3, Census Tract 67.02, Erie County, New York",445,116,434,119,11,17
1500000US360290068001,360290068001,"Block Group 1, Census Tract 68, Erie County, New York",546,114,481,107,65,71
1500000US360290068002,360290068002,"Block Group 2, Census Tract 68, Erie County, New York",678,152,541,142,137,104
1500000US360290068003,360290068003,"Block Group 3, Census Tract 68, Erie County, New York",483,125,390,109,93,72
1500000US360290068004,360290068004,"Block Group 4, Census Tract 68, Erie County, New York",633,129,559,132,74,82
1500000US360290069011,360290069011,"Block Group 1, Census Tract 69.01, Erie County, New York",345,113,257,104,88,74
1500000US360290069012,360290069012,"Block Group 2, Census Tract 69.01, Erie County, New York",400,112,357,103,43,54
1500000US360290069013,360290069013,"Block Group 3, Census Tract 69.01, Erie County, New York",601,127,464,126,137,77
1500000US360290069014,360290069014,"Block Group 4, Census Tract 69.01, Erie County, New York",284,120,170,104,114,81
1500000US360290069021,360290069021,"Block Group 1, Census Tract 69.02, Erie County, New York",788,137,719,146,69,60
1500000US360290069022,360290069022,"Block Group 2, Census Tract 69.02, Erie County, New York",493,109,463,114,30,37
1500000US360290069023,360290069023,"Block Group 3, Census Tract 69.02, Erie County, New York",422,118,401,115,21,34
1500000US360290069024,360290069024,"Block Group 4, Census Tract 69.02, Erie County, New York",459,127,385,121,74,69
1500000US360290070001,360290070001,"Block Group 1, Census Tract 70, Erie County, New York",482,93,373,93,109,66
1500000US360290070002,360290070002,"Block Group 2, Census Tract 70, Erie County, New York",560,84,382,85,178,85
1500000US360290070003,360290070003,"Block Group 3, Census Tract 70, Erie County, New York",470,109,382,95,88,64
1500000US360290071011,360290071011,"Block Group 1, Census Tract 71.01, Erie County, New York",422,98,357,99,65,62
1500000US360290071012,360290071012,"Block Group 2, Census Tract 71.01, Erie County, New York",528,112,446,90,82,66
1500000US360290071013,360290071013,"Block Group 3, Census Tract 71.01, Erie County, New York",568,123,406,104,162,130
1500000US360290071014,360290071014,"Block Group 4, Census Tract 71.01, Erie County, New York",492,95,396,98,96,65
1500000US360290071021,360290071021,"Block Group 1, Census Tract 71.02, Erie County, New York",861,137,729,153,132,72
1500000US360290071022,360290071022,"Block Group 2, Census Tract 71.02, Erie County, New York",409,92,340,90,69,57
1500000US360290071023,360290071023,"Block Group 3, Census Tract 71.02, Erie County, New York",369,102,243,85,126,75
1500000US360290072021,360290072021,"Block Group 1, Census Tract 72.02, Erie County, New York",1014,27,917,60,97,59
1500000US360290073021,360290073021,"Block Group 1, Census Tract 73.02, Erie County, New York",560,105,478,90,82,92
1500000US360290073022,360290073022,"Block Group 2, Census Tract 73.02, Erie County, New York",314,64,314,64,0,12
1500000US360290073023,360290073023,"Block Group 3, Census Tract 73.02, Erie County, New York",319,88,319,88,0,12
1500000US360290073024,360290073024,"Block Group 4, Census Tract 73.02, Erie County, New York",974,108,974,108,0,12
1500000US360290073025,360290073025,"Block Group 5, Census Tract 73.02, Erie County, New York",493,105,493,105,0,12
1500000US360290073026,360290073026,"Block Group 6, Census Tract 73.02, Erie County, New York",531,105,501,104,30,49
1500000US360290073031,360290073031,"Block Group 1, Census Tract 73.03, Erie County, New York",394,81,356,77,38,58
1500000US360290073032,360290073032,"Block Group 2, Census Tract 73.03, Erie County, New York",1013,119,923,121,90,94
1500000US360290073033,360290073033,"Block Group 3, Census Tract 73.03, Erie County, New York",1038,139,1038,139,0,12
1500000US360290073034,360290073034,"Block Group 4, Census Tract 73.03, Erie County, New York",531,87,531,87,0,12
1500000US360290073041,360290073041,"Block Group 1, Census Tract 73.04, Erie County, New York",925,80,842,78,83,72
1500000US360290073042,360290073042,"Block Group 2, Census Tract 73.04, Erie County, New York",1138,85,1105,78,33,50
1500000US360290076001,360290076001,"Block Group 1, Census Tract 76, Erie County, New York",376,59,376,59,0,12
1500000US360290076002,360290076002,"Block Group 2, Census Tract 76, Erie County, New York",470,72,463,73,7,11
1500000US360290076003,360290076003,"Block Group 3, Census Tract 76, Erie County, New York",465,56,442,54,23,37
1500000US360290077001,360290077001,"Block Group 1, Census Tract 77, Erie County, New York",599,120,467,117,132,115
1500000US360290077002,360290077002,"Block Group 2, Census Tract 77, Erie County, New York",484,104,400,80,84,85
1500000US360290077003,360290077003,"Block Group 3, Census Tract 77, Erie County, New York",455,108,440,106,15,24
1500000US360290077004,360290077004,"Block Group 4, Census Tract 77, Erie County, New York",487,111,487,111,0,12
1500000US360290077005,360290077005,"Block Group 5, Census Tract 77, Erie County, New York",269,69,269,69,0,12
1500000US360290078001,360290078001,"Block Group 1, Census Tract 78, Erie County, New York",447,78,447,78,0,12
1500000US360290078002,360290078002,"Block Group 2, Census Tract 78, Erie County, New York",890,111,802,115,88,94
1500000US360290078003,360290078003,"Block Group 3, Census Tract 78, Erie County, New York",481,99,441,86,40,59
1500000US360290078004,360290078004,"Block Group 4, Census Tract 78, Erie County, New York",673,109,632,91,41,65
1500000US360290079011,360290079011,"Block Group 1, Census Tract 79.01, Erie County, New York",584,71,584,71,0,12
1500000US360290079012,360290079012,"Block Group 2, Census Tract 79.01, Erie County, New York",551,66,516,77,35,54
1500000US360290079013,360290079013,"Block Group 3, Census Tract 79.01, Erie County, New York",327,67,327,67,0,12
1500000US360290079021,360290079021,"Block Group 1, Census Tract 79.02, Erie County, New York",258,72,258,72,0,12
1500000US360290079022,360290079022,"Block Group 2, Census Tract 79.02, Erie County, New York",296,69,255,63,41,66
1500000US360290079023,360290079023,"Block Group 3, Census Tract 79.02, Erie County, New York",1040,116,1040,116,0,12
1500000US360290079024,360290079024,"Block Group 4, Census Tract 79.02, Erie County, New York",363,59,363,59,0,12
1500000US360290079025,360290079025,"Block Group 5, Census Tract 79.02, Erie County, New York",506,77,506,77,0,12
1500000US360290079026,360290079026,"Block Group 6, Census Tract 79.02, Erie County, New York",252,61,252,61,0,12
1500000US360290079031,360290079031,"Block Group 1, Census Tract 79.03, Erie County, New York",518,59,518,59,0,12
1500000US360290079032,360290079032,"Block Group 2, Census Tract 79.03, Erie County, New York",480,67,480,67,0,12
1500000US360290079033,360290079033,"Block Group 3, Census Tract 79.03, Erie County, New York",485,51,460,49,25,39
1500000US360290079041,360290079041,"Block Group 1, Census Tract 79.04, Erie County, New York",557,71,557,71,0,12
1500000US360290079042,360290079042,"Block Group 2, Census Tract 79.04, Erie County, New York",263,58,263,58,0,12
1500000US360290079043,360290079043,"Block Group 3, Census Tract 79.04, Erie County, New York",565,77,565,77,0,12
1500000US360290079051,360290079051,"Block Group 1, Census Tract 79.05, Erie County, New York",1141,102,1019,123,122,114
1500000US360290079052,360290079052,"Block Group 2, Census Tract 79.05, Erie County, New York",368,62,368,62,0,12
1500000US360290079053,360290079053,"Block Group 3, Census Tract 79.05, Erie County, New York",638,66,605,74,33,38
1500000US360290080011,360290080011,"Block Group 1, Census Tract 80.01, Erie County, New York",405,84,358,78,47,66
1500000US360290080012,360290080012,"Block Group 2, Census Tract 80.01, Erie County, New York",547,88,516,89,31,51
1500000US360290080013,360290080013,"Block Group 3, Census Tract 80.01, Erie County, New York",346,77,346,77,0,12
1500000US360290080014,360290080014,"Block Group 4, Census Tract 80.01, Erie County, New York",281,64,246,59,35,56
1500000US360290080015,360290080015,"Block Group 5, Census Tract 80.01, Erie County, New York",358,81,358,81,0,12
1500000US360290080016,360290080016,"Block Group 6, Census Tract 80.01, Erie County, New York",399,69,367,68,32,51
1500000US360290080021,360290080021,"Block Group 1, Census Tract 80.02, Erie County, New York",406,90,406,90,0,12
1500000US360290080022,360290080022,"Block Group 2, Census Tract 80.02, Erie County, New York",296,62,296,62,0,12
1500000US360290080023,360290080023,"Block Group 3, Census Tract 80.02, Erie County, New York",723,102,658,110,65,65
1500000US360290080024,360290080024,"Block Group 4, Census Tract 80.02, Erie County, New York",519,96,519,96,0,12
1500000US360290080025,360290080025,"Block Group 5, Census Tract 80.02, Erie County, New York",336,66,321,66,15,25
1500000US360290080026,360290080026,"Block Group 6, Census Tract 80.02, Erie County, New York",247,45,247,45,0,12
1500000US360290080031,360290080031,"Block Group 1, Census Tract 80.03, Erie County, New York",380,101,320,66,60,97
1500000US360290080032,360290080032,"Block Group 2, Census Tract 80.03, Erie County, New York",397,108,397,108,0,12
1500000US360290080033,360290080033,"Block Group 3, Census Tract 80.03, Erie County, New York",410,120,410,120,0,12
1500000US360290080034,360290080034,"Block Group 4, Census Tract 80.03, Erie County, New York",661,132,661,132,0,12
1500000US360290080035,360290080035,"Block Group 5, Census Tract 80.03, Erie County, New York",474,70,474,70,0,12
1500000US360290081011,360290081011,"Block Group 1, Census Tract 81.01, Erie County, New York",648,81,600,83,48,49
1500000US360290081012,360290081012,"Block Group 2, Census Tract 81.01, Erie County, New York",586,107,534,91,52,82
1500000US360290081013,360290081013,"Block Group 3, Census Tract 81.01, Erie County, New York",453,87,432,89,21,32
1500000US360290081014,360290081014,"Block Group 4, Census Tract 81.01, Erie County, New York",437,82,437,82,0,12
1500000US360290081015,360290081015,"Block Group 5, Census Tract 81.01, Erie County, New York",784,122,700,107,84,97
1500000US360290081021,360290081021,"Block Group 1, Census Tract 81.02, Erie County, New York",458,59,458,59,0,12
1500000US360290081022,360290081022,"Block Group 2, Census Tract 81.02, Erie County, New York",518,84,518,84,0,12
1500000US360290081023,360290081023,"Block Group 3, Census Tract 81.02, Erie County, New York",305,57,266,56,39,51
1500000US360290081024,360290081024,"Block Group 4, Census Tract 81.02, Erie County, New York",384,69,384,69,0,12
1500000US360290081025,360290081025,"Block Group 5, Census Tract 81.02, Erie County, New York",298,58,275,50,23,37
1500000US360290082011,360290082011,"Block Group 1, Census Tract 82.01, Erie County, New York",348,61,348,61,0,12
1500000US360290082012,360290082012,"Block Group 2, Census Tract 82.01, Erie County, New York",382,64,374,65,8,13
1500000US360290082013,360290082013,"Block Group 3, Census Tract 82.01, Erie County, New York",425,68,425,68,0,12
1500000US360290082021,360290082021,"Block Group 1, Census Tract 82.02, Erie County, New York",437,67,412,73,25,40
1500000US360290082022,360290082022,"Block Group 2, Census Tract 82.02, Erie County, New York",403,86,342,82,61,53
1500000US360290082023,360290082023,"Block Group 3, Census Tract 82.02, Erie County, New York",309,47,289,49,20,33
1500000US360290082024,360290082024,"Block Group 4, Census Tract 82.02, Erie County, New York",313,84,313,84,0,12
1500000US360290082025,360290082025,"Block Group 5, Census Tract 82.02, Erie County, New York",475,86,450,80,25,39
1500000US360290083001,360290083001,"Block Group 1, Census Tract 83, Erie County, New York",675,97,544,96,131,93
1500000US360290083002,360290083002,"Block Group 2, Census Tract 83, Erie County, New York",253,74,253,74,0,12
1500000US360290083003,360290083003,"Block Group 3, Census Tract 83, Erie County, New York",328,91,305,92,23,35
1500000US360290084001,360290084001,"Block Group 1, Census Tract 84, Erie County, New York",272,71,222,55,50,53
1500000US360290084002,360290084002,"Block Group 2, Census Tract 84, Erie County, New York",453,72,404,66,49,56
1500000US360290084003,360290084003,"Block Group 3, Census Tract 84, Erie County, New York",379,74,318,75,61,57
1500000US360290085001,360290085001,"Block Group 1, Census Tract 85, Erie County, New York",665,80,644,82,21,34
1500000US360290085002,360290085002,"Block Group 2, Census Tract 85, Erie County, New York",537,77,537,77,0,12
1500000US360290086001,360290086001,"Block Group 1, Census Tract 86, Erie County, New York",306,88,290,87,16,24
1500000US360290086002,360290086002,"Block Group 2, Census Tract 86, Erie County, New York",280,75,280,75,0,12
1500000US360290086003,360290086003,"Block Group 3, Census Tract 86, Erie County, New York",372,107,327,89,45,72
1500000US360290086004,360290086004,"Block Group 4, Census Tract 86, Erie County, New York",323,60,323,60,0,12
1500000US360290086005,360290086005,"Block Group 5, Census Tract 86, Erie County, New York",565,145,433,125,132,95
1500000US360290086006,360290086006,"Block Group 6, Census Tract 86, Erie County, New York",367,92,367,92,0,12
1500000US360290087001,360290087001,"Block Group 1, Census Tract 87, Erie County, New York",399,115,399,115,0,12
1500000US360290087002,360290087002,"Block Group 2, Census Tract 87, Erie County, New York",409,103,367,86,42,69
1500000US360290087003,360290087003,"Block Group 3, Census Tract 87, Erie County, New York",602,137,563,127,39,63
1500000US360290087004,360290087004,"Block Group 4, Census Tract 87, Erie County, New York",317,95,271,98,46,74
1500000US360290087005,360290087005,"Block Group 5, Census Tract 87, Erie County, New York",511,127,511,127,0,12
1500000US360290088001,360290088001,"Block Group 1, Census Tract 88, Erie County, New York",319,80,319,80,0,12
1500000US360290088002,360290088002,"Block Group 2, Census Tract 88, Erie County, New York",649,100,615,96,34,56
1500000US360290088003,360290088003,"Block Group 3, Census Tract 88, Erie County, New York",678,85,644,80,34,55
1500000US360290089001,360290089001,"Block Group 1, Census Tract 89, Erie County, New York",450,84,395,79,55,53
1500000US360290089002,360290089002,"Block Group 2, Census Tract 89, Erie County, New York",258,58,248,58,10,15
1500000US360290089003,360290089003,"Block Group 3, Census Tract 89, Erie County, New York",413,85,413,85,0,12
1500000US360290089004,360290089004,"Block Group 4, Census Tract 89, Erie County, New York",368,77,368,77,0,12
1500000US360290089005,360290089005,"Block Group 5, Census Tract 89, Erie County, New York",606,85,590,85,16,19
1500000US360290090041,360290090041,"Block Group 1, Census Tract 90.04, Erie County, New York",914,66,887,73,27,40
1500000US360290090042,360290090042,"Block Group 2, Census Tract 90.04, Erie County, New York",638,69,638,69,0,12
1500000US360290090061,360290090061,"Block Group 1, Census Tract 90.06, Erie County, New York",526,78,526,78,0,12
1500000US360290090062,360290090062,"Block Group 2, Census Tract 90.06, Erie County, New York",788,124,689,116,99,83
1500000US360290090063,360290090063,"Block Group 3, Census Tract 90.06, Erie County, New York",713,103,648,96,65,82
1500000US360290090064,360290090064,"Block Group 4, Census Tract 90.06, Erie County, New York",599,110,599,110,0,12
1500000US360290090065,360290090065,"Block Group 5, Census Tract 90.06, Erie County, New York",517,77,517,77,0,12
1500000US360290090071,360290090071,"Block Group 1, Census Tract 90.07, Erie County, New York",620,103,620,103,0,12
1500000US360290090072,360290090072,"Block Group 2, Census Tract 90.07, Erie County, New York",490,119,477,118,13,20
1500000US360290090073,360290090073,"Block Group 3, Census Tract 90.07, Erie County, New York",955,123,916,138,39,60
1500000US360290090074,360290090074,"Block Group 4, Census Tract 90.07, Erie County, New York",712,99,637,113,75,67
1500000US360290090081,360290090081,"Block Group 1, Census Tract 90.08, Erie County, New York",742,106,654,110,88,98
1500000US360290090082,360290090082,"Block Group 2, Census Tract 90.08, Erie County, New York",568,105,500,99,68,87
1500000US360290090083,360290090083,"Block Group 3, Census Tract 90.08, Erie County, New York",1231,132,1038,135,193,131
1500000US360290090091,360290090091,"Block Group 1, Census Tract 90.09, Erie County, New York",513,70,513,70,0,12
1500000US360290090092,360290090092,"Block Group 2, Census Tract 90.09, Erie County, New York",1551,105,1539,111,12,19
1500000US360290090101,360290090101,"Block Group 1, Census Tract 90.10, Erie County, New York",1024,116,964,123,60,65
1500000US360290090102,360290090102,"Block Group 2, Census Tract 90.10, Erie County, New York",1010,112,948,108,62,66
1500000US360290091041,360290091041,"Block Group 1, Census Tract 91.04, Erie County, New York",563,62,563,62,0,12
1500000US360290091042,360290091042,"Block Group 2, Census Tract 91.04, Erie County, New York",427,51,427,51,0,12
1500000US360290091043,360290091043,"Block Group 3, Census Tract 91.04, Erie County, New York",721,81,690,82,31,38
1500000US360290091061,360290091061,"Block Group 1, Census Tract 91.06, Erie County, New York",378,53,357,53,21,31
1500000US360290091062,360290091062,"Block Group 2, Census Tract 91.06, Erie County, New York",847,55,780,79,67,74
1500000US360290091071,360290091071,"Block Group 1, Census Tract 91.07, Erie County, New York",457,125,399,121,58,64
1500000US360290091072,360290091072,"Block Group 2, Census Tract 91.07, Erie County, New York",502,104,426,99,76,52
1500000US360290091073,360290091073,"Block Group 3, Census Tract 91.07, Erie County, New York",863,124,835,125,28,46
1500000US360290091074,360290091074,"Block Group 4, Census Tract 91.07, Erie County, New York",302,71,302,71,0,12
1500000US360290091091,360290091091,"Block Group 1, Census Tract 91.09, Erie County, New York",651,88,570,91,81,70
1500000US360290091092,360290091092,"Block Group 2, Census Tract 91.09, Erie County, New York",711,83,665,81,46,49
1500000US360290091101,360290091101,"Block Group 1, Census Tract 91.10, Erie County, New York",4,8,0,17,4,8
1500000US360290091121,360290091121,"Block Group 1, Census Tract 91.12, Erie County, New York",1551,89,1444,92,107,76
1500000US360290091131,360290091131,"Block Group 1, Census Tract 91.13, Erie County, New York",713,81,673,71,40,64
1500000US360290091132,360290091132,"Block Group 2, Census Tract 91.13, Erie County, New York",1100,98,1100,98,0,12
1500000US360290091133,360290091133,"Block Group 3, Census Tract 91.13, Erie County, New York",786,84,786,84,0,12
1500000US360290091141,360290091141,"Block Group 1, Census Tract 91.14, Erie County, New York",475,72,459,69,16,24
1500000US360290091142,360290091142,"Block Group 2, Census Tract 91.14, Erie County, New York",795,89,714,103,81,71
1500000US360290091143,360290091143,"Block Group 3, Census Tract 91.14, Erie County, New York",536,74,512,72,24,39
1500000US360290091151,360290091151,"Block Group 1, Census Tract 91.15, Erie County, New York",1026,120,962,131,64,63
1500000US360290091152,360290091152,"Block Group 2, Census Tract 91.15, Erie County, New York",760,117,737,112,23,38
1500000US360290091161,360290091161,"Block Group 1, Census Tract 91.16, Erie County, New York",474,89,474,89,0,12
1500000US360290091162,360290091162,"Block Group 2, Census Tract 91.16, Erie County, New York",334,65,334,65,0,12
1500000US360290091163,360290091163,"Block Group 3, Census Tract 91.16, Erie County, New York",484,102,425,109,59,71
1500000US360290091164,360290091164,"Block Group 4, Census Tract 91.16, Erie County, New York",971,119,971,119,0,12
1500000US360290092001,360290092001,"Block Group 1, Census Tract 92, Erie County, New York",629,104,572,95,57,71
1500000US360290092002,360290092002,"Block Group 2, Census Tract 92, Erie County, New York",415,91,415,91,0,12
1500000US360290092003,360290092003,"Block Group 3, Census Tract 92, Erie County, New York",669,105,588,108,81,76
1500000US360290092004,360290092004,"Block Group 4, Census Tract 92, Erie County, New York",526,140,526,140,0,12
1500000US360290093011,360290093011,"Block Group 1, Census Tract 93.01, Erie County, New York",470,129,470,129,0,12
1500000US360290093012,360290093012,"Block Group 2, Census Tract 93.01, Erie County, New York",338,66,325,66,13,23
1500000US360290093013,360290093013,"Block Group 3, Census Tract 93.01, Erie County, New York",759,126,620,125,139,101
1500000US360290093014,360290093014,"Block Group 4, Census Tract 93.01, Erie County, New York",348,102,348,102,0,12
1500000US360290093015,360290093015,"Block Group 5, Census Tract 93.01, Erie County, New York",607,128,521,125,86,90
1500000US360290093021,360290093021,"Block Group 1, Census Tract 93.02, Erie County, New York",466,63,434,62,32,52
1500000US360290093022,360290093022,"Block Group 2, Census Tract 93.02, Erie County, New York",523,61,513,61,10,16
1500000US360290093023,360290093023,"Block Group 3, Census Tract 93.02, Erie County, New York",208,43,208,43,0,12
1500000US360290094011,360290094011,"Block Group 1, Census Tract 94.01, Erie County, New York",854,128,783,156,71,83
1500000US360290094012,360290094012,"Block Group 2, Census Tract 94.01, Erie County, New York",503,102,503,102,0,12
1500000US360290094013,360290094013,"Block Group 3, Census Tract 94.01, Erie County, New York",357,74,357,74,0,12
1500000US360290094014,360290094014,"Block Group 4, Census Tract 94.01, Erie County, New York",324,81,324,81,0,12
1500000US360290094015,360290094015,"Block Group 5, Census Tract 94.01, Erie County, New York",325,53,325,53,0,12
1500000US360290094021,360290094021,"Block Group 1, Census Tract 94.02, Erie County, New York",411,58,402,59,9,14
1500000US360290094022,360290094022,"Block Group 2, Census Tract 94.02, Erie County, New York",541,68,541,68,0,12
1500000US360290094023,360290094023,"Block Group 3, Census Tract 94.02, Erie County, New York",485,67,449,51,36,44
1500000US360290094024,360290094024,"Block Group 4, Census Tract 94.02, Erie County, New York",519,63,519,63,0,12
1500000US360290095011,360290095011,"Block Group 1, Census Tract 95.01, Erie County, New York",213,80,164,50,49,78
1500000US360290095012,360290095012,"Block Group 2, Census Tract 95.01, Erie County, New York",987,126,897,142,90,95
1500000US360290095013,360290095013,"Block Group 3, Census Tract 95.01, Erie County, New York",706,122,706,122,0,12
1500000US360290095014,360290095014,"Block Group 4, Census Tract 95.01, Erie County, New York",274,86,274,86,0,12
1500000US360290095021,360290095021,"Block Group 1, Census Tract 95.02, Erie County, New York",625,92,625,92,0,12
1500000US360290095022,360290095022,"Block Group 2, Census Tract 95.02, Erie County, New York",777,122,664,122,113,103
1500000US360290095023,360290095023,"Block Group 3, Census Tract 95.02, Erie County, New York",691,108,600,87,91,97
1500000US360290095024,360290095024,"Block Group 4, Census Tract 95.02, Erie County, New York",357,64,357,64,0,12
1500000US360290095025,360290095025,"Block Group 5, Census Tract 95.02, Erie County, New York",586,81,586,81,0,12
1500000US360290096001,360290096001,"Block Group 1, Census Tract 96, Erie County, New York",748,141,733,139,15,24
1500000US360290096002,360290096002,"Block Group 2, Census Tract 96, Erie County, New York",1328,153,1198,168,130,106
1500000US360290096003,360290096003,"Block Group 3, Census Tract 96, Erie County, New York",1210,133,1161,135,49,72
1500000US360290097011,360290097011,"Block Group 1, Census Tract 97.01, Erie County, New York",730,76,695,77,35,44
1500000US360290097012,360290097012,"Block Group 2, Census Tract 97.01, Erie County, New York",611,81,611,81,0,12
1500000US360290097021,360290097021,"Block Group 1, Census Tract 97.02, Erie County, New York",477,72,477,72,0,12
1500000US360290097022,360290097022,"Block Group 2, Census Tract 97.02, Erie County, New York",480,77,454,74,26,40
1500000US360290097023,360290097023,"Block Group 3, Census Tract 97.02, Erie County, New York",481,89,481,89,0,12
1500000US360290097024,360290097024,"Block Group 4, Census Tract 97.02, Erie County, New York",462,88,462,88,0,12
1500000US360290098001,360290098001,"Block Group 1, Census Tract 98, Erie County, New York",511,62,465,66,46,41
1500000US360290098002,360290098002,"Block Group 2, Census Tract 98, Erie County, New York",252,53,238,50,14,22
1500000US360290099001,360290099001,"Block Group 1, Census Tract 99, Erie County, New York",592,88,556,86,36,35
1500000US360290099002,360290099002,"Block Group 2, Census Tract 99, Erie County, New York",465,79,405,68,60,68
1500000US360290099003,360290099003,"Block Group 3, Census Tract 99, Erie County, New York",728,108,651,104,77,64
1500000US360290100011,360290100011,"Block Group 1, Census Tract 100.01, Erie County, New York",807,79,772,86,35,55
1500000US360290100012,360290100012,"Block Group 2, Census Tract 100.01, Erie County, New York",507,67,472,78,35,56
1500000US360290100021,360290100021,"Block Group 1, Census Tract 100.02, Erie County, New York",978,112,862,116,116,90
1500000US360290100022,360290100022,"Block Group 2, Census Tract 100.02, Erie County, New York",737,94,655,88,82,79
1500000US360290100023,360290100023,"Block Group 3, Census Tract 100.02, Erie County, New York",467,82,421,69,46,55
1500000US360290100031,360290100031,"Block Group 1, Census Tract 100.03, Erie County, New York",778,84,715,93,63,64
1500000US360290100032,360290100032,"Block Group 2, Census Tract 100.03, Erie County, New York",544,72,509,67,35,44
1500000US360290100033,360290100033,"Block Group 3, Census Tract 100.03, Erie County, New York",413,72,413,72,0,12
1500000US360290101011,360290101011,"Block Group 1, Census Tract 101.01, Erie County, New York",282,52,282,52,0,12
1500000US360290101012,360290101012,"Block Group 2, Census Tract 101.01, Erie County, New York",745,98,671,108,74,81
1500000US360290101013,360290101013,"Block Group 3, Census Tract 101.01, Erie County, New York",601,112,512,103,89,87
1500000US360290101014,360290101014,"Block Group 4, Census Tract 101.01, Erie County, New York",456,84,456,84,0,12
1500000US360290101021,360290101021,"Block Group 1, Census Tract 101.02, Erie County, New York",688,103,655,95,33,36
1500000US360290101022,360290101022,"Block Group 2, Census Tract 101.02, Erie County, New York",371,85,203,63,168,82
1500000US360290101023,360290101023,"Block Group 3, Census Tract 101.02, Erie County, New York",859,115,769,116,90,60
1500000US360290101031,360290101031,"Block Group 1, Census Tract 101.03, Erie County, New York",855,95,855,95,0,12
1500000US360290101032,360290101032,"Block Group 2, Census Tract 101.03, Erie County, New York",536,79,482,78,54,43
1500000US360290101033,360290101033,"Block Group 3, Census Tract 101.03, Erie County, New York",438,79,375,72,63,67
1500000US360290102011,360290102011,"Block Group 1, Census Tract 102.01, Erie County, New York",358,82,312,63,46,71
1500000US360290102012,360290102012,"Block Group 2, Census Tract 102.01, Erie County, New York",664,104,631,112,33,50
1500000US360290102013,360290102013,"Block Group 3, Census Tract 102.01, Erie County, New York",277,76,277,76,0,12
1500000US360290102021,360290102021,"Block Group 1, Census Tract 102.02, Erie County, New York",916,136,751,138,165,100
1500000US360290102022,360290102022,"Block Group 2, Census Tract 102.02, Erie County, New York",198,94,113,67,85,81
1500000US360290102023,360290102023,"Block Group 3, Census Tract 102.02, Erie County, New York",469,123,374,109,95,78
1500000US360290103001,360290103001,"Block Group 1, Census Tract 103, Erie County, New York",296,66,249,62,47,45
1500000US360290103002,360290103002,"Block Group 2, Census Tract 103, Erie County, New York",258,60,233,58,25,38
1500000US360290104001,360290104001,"Block Group 1, Census Tract 104, Erie County, New York",714,69,629,82,85,64
1500000US360290104002,360290104002,"Block Group 2, Census Tract 104, Erie County, New York",346,71,341,70,5,8
1500000US360290105001,360290105001,"Block Group 1, Census Tract 105, Erie County, New York",258,62,233,58,25,40
1500000US360290105002,360290105002,"Block Group 2, Census Tract 105, Erie County, New York",396,74,396,74,0,12
1500000US360290105003,360290105003,"Block Group 3, Census Tract 105, Erie County, New York",471,84,389,86,82,69
1500000US360290106001,360290106001,"Block Group 1, Census Tract 106, Erie County, New York",474,75,434,72,40,48
1500000US360290106002,360290106002,"Block Group 2, Census Tract 106, Erie County, New York",749,81,674,89,75,63
1500000US360290107001,360290107001,"Block Group 1, Census Tract 107, Erie County, New York",672,80,593,79,79,62
1500000US360290107002,360290107002,"Block Group 2, Census Tract 107, Erie County, New York",334,56,334,56,0,12
1500000US360290107003,360290107003,"Block Group 3, Census Tract 107, Erie County, New York",266,57,266,57,0,12
1500000US360290108031,360290108031,"Block Group 1, Census Tract 108.03, Erie County, New York",513,55,508,56,5,8
1500000US360290108032,360290108032,"Block Group 2, Census Tract 108.03, Erie County, New York",377,60,338,60,39,29
1500000US360290108041,360290108041,"Block Group 1, Census Tract 108.04, Erie County, New York",717,62,658,67,59,58
1500000US360290108042,360290108042,"Block Group 2, Census Tract 108.04, Erie County, New York",1197,61,1177,69,20,30
1500000US360290108051,360290108051,"Block Group 1, Census Tract 108.05, Erie County, New York",910,90,910,90,0,12
1500000US360290108052,360290108052,"Block Group 2, Census Tract 108.05, Erie County, New York",534,73,534,73,0,12
1500000US360290108053,360290108053,"Block Group 3, Census Tract 108.05, Erie County, New York",718,91,675,91,43,67
1500000US360290108071,360290108071,"Block Group 1, Census Tract 108.07, Erie County, New York",1031,115,976,124,55,67
1500000US360290108072,360290108072,"Block Group 2, Census Tract 108.07, Erie County, New York",293,53,280,54,13,21
1500000US360290108073,360290108073,"Block Group 3, Census Tract 108.07, Erie County, New York",566,86,551,82,15,23
1500000US360290108074,360290108074,"Block Group 4, Census Tract 108.07, Erie County, New York",608,104,568,98,40,64
1500000US360290108081,360290108081,"Block Group 1, Census Tract 108.08, Erie County, New York",678,110,623,99,55,65
1500000US360290108082,360290108082,"Block Group 2, Census Tract 108.08, Erie County, New York",934,116,898,110,36,44
1500000US360290108083,360290108083,"Block Group 3, Census Tract 108.08, Erie County, New York",106,74,106,74,0,12
1500000US360290108084,360290108084,"Block Group 4, Census Tract 108.08, Erie County, New York",125,50,108,39,17,26
1500000US360290108091,360290108091,"Block Group 1, Census Tract 108.09, Erie County, New York",583,79,540,85,43,67
1500000US360290108092,360290108092,"Block Group 2, Census Tract 108.09, Erie County, New York",765,81,765,81,0,12
1500000US360290109011,360290109011,"Block Group 1, Census Tract 109.01, Erie County, New York",358,86,313,97,45,52
1500000US360290109012,360290109012,"Block Group 2, Census Tract 109.01, Erie County, New York",408,67,353,61,55,61
1500000US360290109013,360290109013,"Block Group 3, Census Tract 109.01, Erie County, New York",383,74,383,74,0,12
1500000US360290109021,360290109021,"Block Group 1, Census Tract 109.02, Erie County, New York",762,129,762,129,0,12
1500000US360290109022,360290109022,"Block Group 2, Census Tract 109.02, Erie County, New York",692,124,645,116,47,76
1500000US360290109023,360290109023,"Block Group 3, Census Tract 109.02, Erie County, New York",617,104,569,105,48,76
1500000US360290109024,360290109024,"Block Group 4, Census Tract 109.02, Erie County, New York",430,79,430,79,0,12
1500000US360290110001,360290110001,"Block Group 1, Census Tract 110, Erie County, New York",288,50,272,49,16,25
1500000US360290110002,360290110002,"Block Group 2, Census Tract 110, Erie County, New York",292,60,260,57,32,36
1500000US360290110003,360290110003,"Block Group 3, Census Tract 110, Erie County, New York",288,60,272,64,16,26
1500000US360290111001,360290111001,"Block Group 1, Census Tract 111, Erie County, New York",680,64,674,63,6,9
1500000US360290111002,360290111002,"Block Group 2, Census Tract 111, Erie County, New York",323,62,314,63,9,9
1500000US360290112001,360290112001,"Block Group 1, Census Tract 112, Erie County, New York",1666,120,1653,119,13,21
1500000US360290112002,360290112002,"Block Group 2, Census Tract 112, Erie County, New York",380,79,301,60,79,92
1500000US360290112003,360290112003,"Block Group 3, Census Tract 112, Erie County, New York",464,72,464,72,0,12
1500000US360290112004,360290112004,"Block Group 4, Census Tract 112, Erie County, New York",536,91,493,70,43,67
1500000US360290113001,360290113001,"Block Group 1, Census Tract 113, Erie County, New York",1127,115,1081,141,46,74
1500000US360290113002,360290113002,"Block Group 2, Census Tract 113, Erie County, New York",291,73,291,73,0,12
1500000US360290113003,360290113003,"Block Group 3, Census Tract 113, Erie County, New York",842,113,795,82,47,74
1500000US360290114001,360290114001,"Block Group 1, Census Tract 114, Erie County, New York",386,65,369,64,17,23
1500000US360290114002,360290114002,"Block Group 2, Census Tract 114, Erie County, New York",623,65,539,70,84,50
1500000US360290115001,360290115001,"Block Group 1, Census Tract 115, Erie County, New York",342,52,330,53,12,19
1500000US360290115002,360290115002,"Block Group 2, Census Tract 115, Erie County, New York",314,51,303,54,11,13
1500000US360290116001,360290116001,"Block Group 1, Census Tract 116, Erie County, New York",752,53,719,60,33,34
1500000US360290116002,360290116002,"Block Group 2, Census Tract 116, Erie County, New York",310,47,310,47,0,12
1500000US360290117001,360290117001,"Block Group 1, Census Tract 117, Erie County, New York",303,60,303,60,0,12
1500000US360290117002,360290117002,"Block Group 2, Census Tract 117, Erie County, New York",549,67,549,67,0,12
1500000US360290117003,360290117003,"Block Group 3, Census Tract 117, Erie County, New York",1056,94,1002,106,54,61
1500000US360290118001,360290118001,"Block Group 1, Census Tract 118, Erie County, New York",520,72,511,73,9,14
1500000US360290118002,360290118002,"Block Group 2, Census Tract 118, Erie County, New York",387,59,363,56,24,39
1500000US360290118003,360290118003,"Block Group 3, Census Tract 118, Erie County, New York",738,72,684,76,54,60
1500000US360290120011,360290120011,"Block Group 1, Census Tract 120.01, Erie County, New York",675,65,652,66,23,36
1500000US360290120012,360290120012,"Block Group 2, Census Tract 120.01, Erie County, New York",757,107,757,107,0,12
1500000US360290120013,360290120013,"Block Group 3, Census Tract 120.01, Erie County, New York",307,69,229,45,78,69
1500000US360290120021,360290120021,"Block Group 1, Census Tract 120.02, Erie County, New York",358,66,358,66,0,12
1500000US360290120022,360290120022,"Block Group 2, Census Tract 120.02, Erie County, New York",1047,65,1028,68,19,21
1500000US360290120031,360290120031,"Block Group 1, Census Tract 120.03, Erie County, New York",874,81,843,78,31,46
1500000US360290120032,360290120032,"Block Group 2, Census Tract 120.03, Erie County, New York",1107,79,1077,85,30,46
1500000US360290123001,360290123001,"Block Group 1, Census Tract 123, Erie County, New York",326,105,281,101,45,60
1500000US360290123002,360290123002,"Block Group 2, Census Tract 123, Erie County, New York",541,104,460,104,81,70
1500000US360290123003,360290123003,"Block Group 3, Census Tract 123, Erie County, New York",376,98,305,78,71,69
1500000US360290123004,360290123004,"Block Group 4, Census Tract 123, Erie County, New York",530,123,448,102,82,74
1500000US360290124001,360290124001,"Block Group 1, Census Tract 124, Erie County, New York",275,83,243,71,32,50
1500000US360290124002,360290124002,"Block Group 2, Census Tract 124, Erie County, New York",1042,96,816,114,226,103
1500000US360290125011,360290125011,"Block Group 1, Census Tract 125.01, Erie County, New York",370,94,370,94,0,12
1500000US360290125012,360290125012,"Block Group 2, Census Tract 125.01, Erie County, New York",339,65,297,58,42,68
1500000US360290125013,360290125013,"Block Group 3, Census Tract 125.01, Erie County, New York",882,123,787,135,95,92
1500000US360290125014,360290125014,"Block Group 4, Census Tract 125.01, Erie County, New York",405,95,363,82,42,69
1500000US360290125015,360290125015,"Block Group 5, Census Tract 125.01, Erie County, New York",442,104,442,104,0,12
1500000US360290125021,360290125021,"Block Group 1, Census Tract 125.02, Erie County, New York",481,51,436,59,45,45
1500000US360290125022,360290125022,"Block Group 2, Census Tract 125.02, Erie County, New York",466,56,444,54,22,26
1500000US360290128001,360290128001,"Block Group 1, Census Tract 128, Erie County, New York",460,66,385,56,75,45
1500000US360290128002,360290128002,"Block Group 2, Census Tract 128, Erie County, New York",437,68,422,68,15,25
1500000US360290128003,360290128003,"Block Group 3, Census Tract 128, Erie County, New York",352,54,324,52,28,32
1500000US360290129011,360290129011,"Block Group 1, Census Tract 129.01, Erie County, New York",291,53,291,53,0,12
1500000US360290129012,360290129012,"Block Group 2, Census Tract 129.01, Erie County, New York",509,105,467,92,42,58
1500000US360290129013,360290129013,"Block Group 3, Census Tract 129.01, Erie County, New York",1163,147,1131,142,32,51
1500000US360290129014,360290129014,"Block Group 4, Census Tract 129.01, Erie County, New York",499,106,454,92,45,71
1500000US360290129015,360290129015,"Block Group 5, Census Tract 129.01, Erie County, New York",745,134,745,134,0,12
1500000US360290129021,360290129021,"Block Group 1, Census Tract 129.02, Erie County, New York",615,60,615,60,0,12
1500000US360290129022,360290129022,"Block Group 2, Census Tract 129.02, Erie County, New York",1091,89,1000,107,91,81
1500000US360290130011,360290130011,"Block Group 1, Census Tract 130.01, Erie County, New York",462,72,462,72,0,12
1500000US360290130012,360290130012,"Block Group 2, Census Tract 130.01, Erie County, New York",313,54,287,54,26,41
1500000US360290130013,360290130013,"Block Group 3, Census Tract 130.01, Erie County, New York",277,72,277,72,0,12
1500000US360290130014,360290130014,"Block Group 4, Census Tract 130.01, Erie County, New York",382,70,336,62,46,50
1500000US360290130021,360290130021,"Block Group 1, Census Tract 130.02, Erie County, New York",1404,138,1388,145,16,25
1500000US360290130022,360290130022,"Block Group 2, Census Tract 130.02, Erie County, New York",513,106,476,103,37,57
1500000US360290130023,360290130023,"Block Group 3, Census Tract 130.02, Erie County, New York",486,92,486,92,0,12
1500000US360290131011,360290131011,"Block Group 1, Census Tract 131.01, Erie County, New York",798,124,763,123,35,56
1500000US360290131012,360290131012,"Block Group 2, Census Tract 131.01, Erie County, New York",1062,123,1006,125,56,59
1500000US360290131013,360290131013,"Block Group 3, Census Tract 131.01, Erie County, New York",327,75,327,75,0,12
1500000US360290131014,360290131014,"Block Group 4, Census Tract 131.01, Erie County, New York",352,90,352,90,0,12
1500000US360290131015,360290131015,"Block Group 5, Census Tract 131.01, Erie County, New York",352,76,338,75,14,22
1500000US360290131021,360290131021,"Block Group 1, Census Tract 131.02, Erie County, New York",465,121,457,126,8,13
1500000US360290131022,360290131022,"Block Group 2, Census Tract 131.02, Erie County, New York",826,112,769,101,57,59
1500000US360290131023,360290131023,"Block Group 3, Census Tract 131.02, Erie County, New York",333,52,333,52,0,12
1500000US360290131024,360290131024,"Block Group 4, Census Tract 131.02, Erie County, New York",421,90,421,90,0,12
1500000US360290131025,360290131025,"Block Group 5, Census Tract 131.02, Erie County, New York",1009,116,925,125,84,92
1500000US360290132011,360290132011,"Block Group 1, Census Tract 132.01, Erie County, New York",1091,135,1091,135,0,12
1500000US360290132012,360290132012,"Block Group 2, Census Tract 132.01, Erie County, New York",908,116,855,109,53,67
1500000US360290132013,360290132013,"Block Group 3, Census Tract 132.01, Erie County, New York",502,94,441,99,61,64
1500000US360290132021,360290132021,"Block Group 1, Census Tract 132.02, Erie County, New York",755,68,731,69,24,37
1500000US360290132022,360290132022,"Block Group 2, Census Tract 132.02, Erie County, New York",1261,77,1113,72,148,67
1500000US360290133001,360290133001,"Block Group 1, Census Tract 133, Erie County, New York",570,73,570,73,0,12
1500000US360290133002,360290133002,"Block Group 2, Census Tract 133, Erie County, New York",320,61,273,52,47,50
1500000US360290133003,360290133003,"Block Group 3, Census Tract 133, Erie County, New York",230,56,230,56,0,12
1500000US360290133004,360290133004,"Block Group 4, Census Tract 133, Erie County, New York",479,65,479,65,0,12
1500000US360290134001,360290134001,"Block Group 1, Census Tract 134, Erie County, New York",376,51,376,51,0,12
1500000US360290134002,360290134002,"Block Group 2, Census Tract 134, Erie County, New York",380,87,365,90,15,24
1500000US360290134003,360290134003,"Block Group 3, Census Tract 134, Erie County, New York",536,127,536,127,0,12
1500000US360290134004,360290134004,"Block Group 4, Census Tract 134, Erie County, New York",440,88,420,86,20,32
1500000US360290134005,360290134005,"Block Group 5, Census Tract 134, Erie County, New York",1143,130,1096,127,47,69
1500000US360290135011,360290135011,"Block Group 1, Census Tract 135.01, Erie County, New York",1222,146,1202,148,20,31
1500000US360290135012,360290135012,"Block Group 2, Census Tract 135.01, Erie County, New York",500,78,471,75,29,46
1500000US360290135013,360290135013,"Block Group 3, Census Tract 135.01, Erie County, New York",1172,145,1130,139,42,69
1500000US360290135021,360290135021,"Block Group 1, Census Tract 135.02, Erie County, New York",761,104,761,104,0,12
1500000US360290135022,360290135022,"Block Group 2, Census Tract 135.02, Erie County, New York",538,74,538,74,0,12
1500000US360290135023,360290135023,"Block Group 3, Census Tract 135.02, Erie County, New York",753,104,730,108,23,26
1500000US360290135024,360290135024,"Block Group 4, Census Tract 135.02, Erie County, New York",436,80,436,80,0,12
1500000US360290136001,360290136001,"Block Group 1, Census Tract 136, Erie County, New York",543,95,534,95,9,14
1500000US360290136002,360290136002,"Block Group 2, Census Tract 136, Erie County, New York",574,87,550,81,24,39
1500000US360290136003,360290136003,"Block Group 3, Census Tract 136, Erie County, New York",384,82,384,82,0,12
1500000US360290137011,360290137011,"Block Group 1, Census Tract 137.01, Erie County, New York",481,92,433,68,48,74
1500000US360290137012,360290137012,"Block Group 2, Census Tract 137.01, Erie County, New York",1017,153,950,146,67,80
1500000US360290137013,360290137013,"Block Group 3, Census Tract 137.01, Erie County, New York",568,103,568,103,0,12
1500000US360290137014,360290137014,"Block Group 4, Census Tract 137.01, Erie County, New York",807,117,739,131,68,85
1500000US360290137021,360290137021,"Block Group 1, Census Tract 137.02, Erie County, New York",911,99,895,97,16,25
1500000US360290137022,360290137022,"Block Group 2, Census Tract 137.02, Erie County, New York",1590,138,1334,149,256,140
1500000US360290138001,360290138001,"Block Group 1, Census Tract 138, Erie County, New York",1096,115,1060,121,36,57
1500000US360290138002,360290138002,"Block Group 2, Census Tract 138, Erie County, New York",253,47,253,47,0,12
1500000US360290138003,360290138003,"Block Group 3, Census Tract 138, Erie County, New York",1228,122,1159,108,69,72
1500000US360290138004,360290138004,"Block Group 4, Census Tract 138, Erie County, New York",295,81,241,62,54,67
1500000US360290138005,360290138005,"Block Group 5, Census Tract 138, Erie County, New York",301,50,301,50,0,12
1500000US360290139001,360290139001,"Block Group 1, Census Tract 139, Erie County, New York",1021,73,948,75,73,45
1500000US360290140001,360290140001,"Block Group 1, Census Tract 140, Erie County, New York",685,77,666,74,19,29
1500000US360290140002,360290140002,"Block Group 2, Census Tract 140, Erie County, New York",965,92,812,91,153,93
1500000US360290141011,360290141011,"Block Group 1, Census Tract 141.01, Erie County, New York",733,109,693,99,40,63
1500000US360290141012,360290141012,"Block Group 2, Census Tract 141.01, Erie County, New York",778,113,728,112,50,62
1500000US360290141013,360290141013,"Block Group 3, Census Tract 141.01, Erie County, New York",1083,129,1083,129,0,12
1500000US360290141021,360290141021,"Block Group 1, Census Tract 141.02, Erie County, New York",902,99,863,99,39,35
1500000US360290141022,360290141022,"Block Group 2, Census Tract 141.02, Erie County, New York",1262,131,1187,139,75,67
1500000US360290142041,360290142041,"Block Group 1, Census Tract 142.04, Erie County, New York",1313,92,1196,98,117,95
1500000US360290142042,360290142042,"Block Group 2, Census Tract 142.04, Erie County, New York",587,75,556,75,31,50
1500000US360290142061,360290142061,"Block Group 1, Census Tract 142.06, Erie County, New York",1120,116,1081,120,39,57
1500000US360290142062,360290142062,"Block Group 2, Census Tract 142.06, Erie County, New York",692,105,692,105,0,12
1500000US360290142063,360290142063,"Block Group 3, Census Tract 142.06, Erie County, New York",588,94,541,97,47,71
1500000US360290142071,360290142071,"Block Group 1, Census Tract 142.07, Erie County, New York",527,102,474,91,53,77
1500000US360290142072,360290142072,"Block Group 2, Census Tract 142.07, Erie County, New York",548,73,536,72,12,18
1500000US360290142073,360290142073,"Block Group 3, Census Tract 142.07, Erie County, New York",1237,103,1151,109,86,80
1500000US360290142081,360290142081,"Block Group 1, Census Tract 142.08, Erie County, New York",598,101,576,98,22,35
1500000US360290142082,360290142082,"Block Group 2, Census Tract 142.08, Erie County, New York",542,77,542,77,0,12
1500000US360290142083,360290142083,"Block Group 3, Census Tract 142.08, Erie County, New York",665,72,665,72,0,12
1500000US360290142091,360290142091,"Block Group 1, Census Tract 142.09, Erie County, New York",530,77,486,81,44,66
1500000US360290142092,360290142092,"Block Group 2, Census Tract 142.09, Erie County, New York",673,85,673,85,0,12
1500000US360290142093,360290142093,"Block Group 3, Census Tract 142.09, Erie County, New York",419,67,396,62,23,36
1500000US360290143001,360290143001,"Block Group 1, Census Tract 143, Erie County, New York",562,104,470,69,92,102
1500000US360290143002,360290143002,"Block Group 2, Census Tract 143, Erie County, New York",622,116,567,94,55,84
1500000US360290143003,360290143003,"Block Group 3, Census Tract 143, Erie County, New York",608,107,570,102,38,61
1500000US360290143004,360290143004,"Block Group 4, Census Tract 143, Erie County, New York",312,79,312,79,0,12
1500000US360290143005,360290143005,"Block Group 5, Census Tract 143, Erie County, New York",484,88,484,88,0,12
1500000US360290144001,360290144001,"Block Group 1, Census Tract 144, Erie County, New York",664,85,624,82,40,43
1500000US360290144002,360290144002,"Block Group 2, Census Tract 144, Erie County, New York",314,68,268,64,46,50
1500000US360290144003,360290144003,"Block Group 3, Census Tract 144, Erie County, New York",456,90,439,88,17,28
1500000US360290144004,360290144004,"Block Group 4, Census Tract 144, Erie County, New York",659,95,569,97,90,80
1500000US360290145011,360290145011,"Block Group 1, Census Tract 145.01, Erie County, New York",923,101,909,104,14,17
1500000US360290145012,360290145012,"Block Group 2, Census Tract 145.01, Erie County, New York",647,92,593,93,54,48
1500000US360290145021,360290145021,"Block Group 1, Census Tract 145.02, Erie County, New York",530,94,432,108,98,80
1500000US360290145022,360290145022,"Block Group 2, Census Tract 145.02, Erie County, New York",757,110,692,101,65,71
1500000US360290146011,360290146011,"Block Group 1, Census Tract 146.01, Erie County, New York",574,121,574,121,0,12
1500000US360290146012,360290146012,"Block Group 2, Census Tract 146.01, Erie County, New York",781,116,749,117,32,51
1500000US360290146013,360290146013,"Block Group 3, Census Tract 146.01, Erie County, New York",329,81,271,58,58,72
1500000US360290146014,360290146014,"Block Group 4, Census Tract 146.01, Erie County, New York",435,73,435,73,0,12
1500000US360290146031,360290146031,"Block Group 1, Census Tract 146.03, Erie County, New York",937,84,902,88,35,58
1500000US360290146032,360290146032,"Block Group 2, Census Tract 146.03, Erie County, New York",406,67,406,67,0,12
1500000US360290146033,360290146033,"Block Group 3, Census Tract 146.03, Erie County, New York",294,69,243,65,51,39
1500000US360290146041,360290146041,"Block Group 1, Census Tract 146.04, Erie County, New York",815,105,815,105,0,12
1500000US360290146042,360290146042,"Block Group 2, Census Tract 146.04, Erie County, New York",814,115,784,120,30,48
1500000US360290146043,360290146043,"Block Group 3, Census Tract 146.04, Erie County, New York",572,93,572,93,0,12
1500000US360290146044,360290146044,"Block Group 4, Census Tract 146.04, Erie County, New York",434,77,434,77,0,12
1500000US360290147011,360290147011,"Block Group 1, Census Tract 147.01, Erie County, New York",308,51,308,51,0,12
1500000US360290147012,360290147012,"Block Group 2, Census Tract 147.01, Erie County, New York",394,59,394,59,0,12
1500000US360290147013,360290147013,"Block Group 3, Census Tract 147.01, Erie County, New York",1247,72,1219,83,28,43
1500000US360290147021,360290147021,"Block Group 1, Census Tract 147.02, Erie County, New York",390,79,390,79,0,12
1500000US360290147022,360290147022,"Block Group 2, Census Tract 147.02, Erie County, New York",612,106,581,115,31,35
1500000US360290147023,360290147023,"Block Group 3, Census Tract 147.02, Erie County, New York",467,85,444,74,23,38
1500000US360290147024,360290147024,"Block Group 4, Census Tract 147.02, Erie County, New York",705,96,705,96,0,12
1500000US360290147025,360290147025,"Block Group 5, Census Tract 147.02, Erie County, New York",939,106,909,98,30,49
1500000US360290148011,360290148011,"Block Group 1, Census Tract 148.01, Erie County, New York",491,73,447,81,44,51
1500000US360290148012,360290148012,"Block Group 2, Census Tract 148.01, Erie County, New York",661,94,610,95,51,54
1500000US360290148031,360290148031,"Block Group 1, Census Tract 148.03, Erie County, New York",356,79,356,79,0,12
1500000US360290148032,360290148032,"Block Group 2, Census Tract 148.03, Erie County, New York",452,98,452,98,0,12
1500000US360290148033,360290148033,"Block Group 3, Census Tract 148.03, Erie County, New York",862,126,786,114,76,90
1500000US360290148034,360290148034,"Block Group 4, Census Tract 148.03, Erie County, New York",871,136,804,124,67,80
1500000US360290149011,360290149011,"Block Group 1, Census Tract 149.01, Erie County, New York",637,77,622,76,15,24
1500000US360290149012,360290149012,"Block Group 2, Census Tract 149.01, Erie County, New York",580,61,520,55,60,37
1500000US360290149031,360290149031,"Block Group 1, Census Tract 149.03, Erie County, New York",704,101,704,101,0,12
1500000US360290149032,360290149032,"Block Group 2, Census Tract 149.03, Erie County, New York",260,49,260,49,0,12
1500000US360290149033,360290149033,"Block Group 3, Census Tract 149.03, Erie County, New York",1160,124,1097,121,63,55
1500000US360290149034,360290149034,"Block Group 4, Census Tract 149.03, Erie County, New York",288,59,288,59,0,12
1500000US360290149041,360290149041,"Block Group 1, Census Tract 149.04, Erie County, New York",13,18,0,12,13,18
1500000US360290150011,360290150011,"Block Group 1, Census Tract 150.01, Erie County, New York",677,91,677,91,0,12
1500000US360290150012,360290150012,"Block Group 2, Census Tract 150.01, Erie County, New York",1012,112,980,109,32,53
1500000US360290150013,360290150013,"Block Group 3, Census Tract 150.01, Erie County, New York",267,68,257,66,10,16
1500000US360290150021,360290150021,"Block Group 1, Census Tract 150.02, Erie County, New York",1038,115,1000,109,38,56
1500000US360290150022,360290150022,"Block Group 2, Census Tract 150.02, Erie County, New York",272,80,235,54,37,57
1500000US360290150031,360290150031,"Block Group 1, Census Tract 150.03, Erie County, New York",981,112,956,98,25,38
1500000US360290150032,360290150032,"Block Group 2, Census Tract 150.03, Erie County, New York",457,73,430,68,27,42
1500000US360290151011,360290151011,"Block Group 1, Census Tract 151.01, Erie County, New York",688,100,639,87,49,49
1500000US360290151012,360290151012,"Block Group 2, Census Tract 151.01, Erie County, New York",315,73,290,68,25,39
1500000US360290151013,360290151013,"Block Group 3, Census Tract 151.01, Erie County, New York",350,59,322,60,28,41
1500000US360290151021,360290151021,"Block Group 1, Census Tract 151.02, Erie County, New York",651,60,608,49,43,39
1500000US360290151022,360290151022,"Block Group 2, Census Tract 151.02, Erie County, New York",469,69,416,56,53,46
1500000US360290152011,360290152011,"Block Group 1, Census Tract 152.01, Erie County, New York",422,75,414,76,8,13
1500000US360290152012,360290152012,"Block Group 2, Census Tract 152.01, Erie County, New York",786,88,762,84,24,37
1500000US360290152021,360290152021,"Block Group 1, Census Tract 152.02, Erie County, New York",663,96,663,96,0,12
1500000US360290152022,360290152022,"Block Group 2, Census Tract 152.02, Erie County, New York",704,105,622,110,82,86
1500000US360290152023,360290152023,"Block Group 3, Census Tract 152.02, Erie County, New York",738,117,694,108,44,70
1500000US360290153011,360290153011,"Block Group 1, Census Tract 153.01, Erie County, New York",528,88,483,84,45,49
1500000US360290153012,360290153012,"Block Group 2, Census Tract 153.01, Erie County, New York",568,83,557,84,11,19
1500000US360290153013,360290153013,"Block Group 3, Census Tract 153.01, Erie County, New York",815,82,815,82,0,12
1500000US360290153021,360290153021,"Block Group 1, Census Tract 153.02, Erie County, New York",359,56,306,57,53,49
1500000US360290153022,360290153022,"Block Group 2, Census Tract 153.02, Erie County, New York",450,75,450,75,0,12
1500000US360290153023,360290153023,"Block Group 3, Census Tract 153.02, Erie County, New York",358,56,358,56,0,12
1500000US360290154011,360290154011,"Block Group 1, Census Tract 154.01, Erie County, New York",652,71,627,71,25,35
1500000US360290154012,360290154012,"Block Group 2, Census Tract 154.01, Erie County, New York",439,63,403,60,36,47
1500000US360290154021,360290154021,"Block Group 1, Census Tract 154.02, Erie County, New York",528,111,423,81,105,87
1500000US360290154022,360290154022,"Block Group 2, Census Tract 154.02, Erie County, New York",287,84,201,74,86,95
1500000US360290154023,360290154023,"Block Group 3, Census Tract 154.02, Erie County, New York",707,127,671,120,36,43
1500000US360290154024,360290154024,"Block Group 4, Census Tract 154.02, Erie County, New York",644,127,605,122,39,56
1500000US360290155011,360290155011,"Block Group 1, Census Tract 155.01, Erie County, New York",868,61,771,74,97,59
1500000US360290155031,360290155031,"Block Group 1, Census Tract 155.03, Erie County, New York",692,108,608,112,84,75
1500000US360290155032,360290155032,"Block Group 2, Census Tract 155.03, Erie County, New York",603,107,513,104,90,73
1500000US360290155041,360290155041,"Block Group 1, Census Tract 155.04, Erie County, New York",591,97,479,99,112,88
1500000US360290155042,360290155042,"Block Group 2, Census Tract 155.04, Erie County, New York",697,121,532,93,165,109
1500000US360290155043,360290155043,"Block Group 3, Census Tract 155.04, Erie County, New York",195,71,130,41,65,74
1500000US360290155044,360290155044,"Block Group 4, Census Tract 155.04, Erie County, New York",521,129,403,103,118,94
1500000US360290156001,360290156001,"Block Group 1, Census Tract 156, Erie County, New York",571,60,494,62,77,35
1500000US360290156002,360290156002,"Block Group 2, Census Tract 156, Erie County, New York",354,57,297,57,57,31
1500000US360290157001,360290157001,"Block Group 1, Census Tract 157, Erie County, New York",469,75,462,76,7,12
1500000US360290157002,360290157002,"Block Group 2, Census Tract 157, Erie County, New York",332,66,285,48,47,50
1500000US360290157003,360290157003,"Block Group 3, Census Tract 157, Erie County, New York",317,49,286,44,31,23
1500000US360290157004,360290157004,"Block Group 4, Census Tract 157, Erie County, New York",329,57,278,53,51,28
1500000US360290158001,360290158001,"Block Group 1, Census Tract 158, Erie County, New York",927,135,810,127,117,76
1500000US360290158002,360290158002,"Block Group 2, Census Tract 158, Erie County, New York",1041,114,936,91,105,79
1500000US360290159001,360290159001,"Block Group 1, Census Tract 159, Erie County, New York",1002,103,991,103,11,18
1500000US360290159002,360290159002,"Block Group 2, Census Tract 159, Erie County, New York",871,111,801,105,70,67
1500000US360290161001,360290161001,"Block Group 1, Census Tract 161, Erie County, New York",0,12,0,12,0,12
1500000US360290162001,360290162001,"Block Group 1, Census Tract 162, Erie County, New York",562,76,486,84,76,56
1500000US360290162002,360290162002,"Block Group 2, Census Tract 162, Erie County, New York",499,59,499,59,0,12
1500000US360290163001,360290163001,"Block Group 1, Census Tract 163, Erie County, New York",478,101,375,99,103,79
1500000US360290163002,360290163002,"Block Group 2, Census Tract 163, Erie County, New York",304,70,276,67,28,32
1500000US360290163003,360290163003,"Block Group 3, Census Tract 163, Erie County, New York",539,90,412,95,127,59
1500000US360290164001,360290164001,"Block Group 1, Census Tract 164, Erie County, New York",569,116,494,110,75,58
1500000US360290164002,360290164002,"Block Group 2, Census Tract 164, Erie County, New York",570,103,325,84,245,98
1500000US360290164003,360290164003,"Block Group 3, Census Tract 164, Erie County, New York",296,91,247,81,49,52
1500000US360290164004,360290164004,"Block Group 4, Census Tract 164, Erie County, New York",334,84,334,84,0,12
1500000US360290165001,360290165001,"Block Group 1, Census Tract 165, Erie County, New York",803,82,654,99,149,77
1500000US360290166001,360290166001,"Block Group 1, Census Tract 166, Erie County, New York",409,85,294,73,115,60
1500000US360290166002,360290166002,"Block Group 2, Census Tract 166, Erie County, New York",301,92,254,81,47,44
1500000US360290166003,360290166003,"Block Group 3, Census Tract 166, Erie County, New York",226,72,178,61,48,46
1500000US360290166004,360290166004,"Block Group 4, Census Tract 166, Erie County, New York",594,121,395,115,199,104
1500000US360290167001,360290167001,"Block Group 1, Census Tract 167, Erie County, New York",432,76,368,71,64,55
1500000US360290167002,360290167002,"Block Group 2, Census Tract 167, Erie County, New York",364,70,290,66,74,63
1500000US360290167003,360290167003,"Block Group 3, Census Tract 167, Erie County, New York",486,81,441,80,45,50
1500000US360290168001,360290168001,"Block Group 1, Census Tract 168, Erie County, New York",609,130,252,92,357,113
1500000US360290168002,360290168002,"Block Group 2, Census Tract 168, Erie County, New York",781,173,626,155,155,81
1500000US360290168003,360290168003,"Block Group 3, Census Tract 168, Erie County, New York",460,113,306,104,154,76
1500000US360290168004,360290168004,"Block Group 4, Census Tract 168, Erie County, New York",568,135,445,129,123,78
1500000US360290169001,360290169001,"Block Group 1, Census Tract 169, Erie County, New York",668,97,568,99,100,54
1500000US360290169002,360290169002,"Block Group 2, Census Tract 169, Erie County, New York",428,97,428,97,0,12
1500000US360290169003,360290169003,"Block Group 3, Census Tract 169, Erie County, New York",691,105,537,92,154,95
1500000US360290169004,360290169004,"Block Group 4, Census Tract 169, Erie County, New York",228,80,130,56,98,65
1500000US360290170001,360290170001,"Block Group 1, Census Tract 170, Erie County, New York",592,95,387,99,205,78
1500000US360290170002,360290170002,"Block Group 2, Census Tract 170, Erie County, New York",933,111,730,118,203,89
1500000US360290171001,360290171001,"Block Group 1, Census Tract 171, Erie County, New York",386,106,231,102,155,80
1500000US360290171002,360290171002,"Block Group 2, Census Tract 171, Erie County, New York",412,104,347,105,65,62
1500000US360290171003,360290171003,"Block Group 3, Census Tract 171, Erie County, New York",473,97,325,91,148,84
1500000US360290171004,360290171004,"Block Group 4, Census Tract 171, Erie County, New York",227,85,227,85,0,12
1500000US360290171005,360290171005,"Block Group 5, Census Tract 171, Erie County, New York",389,105,220,81,169,90
1500000US360290172001,360290172001,"Block Group 1, Census Tract 172, Erie County, New York",329,85,329,85,0,12
1500000US360290172002,360290172002,"Block Group 2, Census Tract 172, Erie County, New York",368,72,368,72,0,12
1500000US360290172003,360290172003,"Block Group 3, Census Tract 172, Erie County, New York",417,86,350,77,67,46
1500000US360290173001,360290173001,"Block Group 1, Census Tract 173, Erie County, New York",838,86,838,86,0,12
1500000US360290173002,360290173002,"Block Group 2, Census Tract 173, Erie County, New York",514,85,472,65,42,66
1500000US360290173003,360290173003,"Block Group 3, Census Tract 173, Erie County, New York",1092,94,993,93,99,89
1500000US360290173004,360290173004,"Block Group 4, Census Tract 173, Erie County, New York",460,92,419,95,41,66
1500000US360290174001,360290174001,"Block Group 1, Census Tract 174, Erie County, New York",599,120,462,109,137,84
1500000US360290174002,360290174002,"Block Group 2, Census Tract 174, Erie County, New York",358,80,358,80,0,12
1500000US360290174003,360290174003,"Block Group 3, Census Tract 174, Erie County, New York",430,90,374,96,56,42
1500000US360290174004,360290174004,"Block Group 4, Census Tract 174, Erie County, New York",392,102,343,100,49,55
1500000US360290175011,360290175011,"Block Group 1, Census Tract 175.01, Erie County, New York",301,56,286,58,15,22
1500000US360290175012,360290175012,"Block Group 2, Census Tract 175.01, Erie County, New York",486,91,434,86,52,41
1500000US360290175021,360290175021,"Block Group 1, Census Tract 175.02, Erie County, New York",543,90,470,77,73,55
1500000US360290175022,360290175022,"Block Group 2, Census Tract 175.02, Erie County, New York",577,90,540,90,37,40
1500000US360299400001,360299400001,"Block Group 1, Census Tract 9400, Erie County, New York",502,58,425,53,77,35
1500000US360299400002,360299400002,"Block Group 2, Census Tract 9400, Erie County, New York",273,48,223,45,50,24
1500000US360299401001,360299401001,"Block Group 1, Census Tract 9401, Erie County, New York",2,3,2,3,0,12
1500000US360299900000,360299900000,"Block Group 0, Census Tract 9900, Erie County, New York",0,12,0,12,0,12
