GEO.id,GEO.id2,GEO.display-label,HD01_VD01,HD02_VD01
Id,Id2,Geography,Estimate; Median household income in the past 12 months (in 2013 inflation-adjusted dollars),Margin of Error; Median household income in the past 12 months (in 2013 inflation-adjusted dollars)
1500000US360290001101,360290001101,"Block Group 1, Census Tract 1.10, Erie County, New York",41976,22413
1500000US360290001102,360290001102,"Block Group 2, Census Tract 1.10, Erie County, New York",-,**
1500000US360290001103,360290001103,"Block Group 3, Census Tract 1.10, Erie County, New York",17000,19414
1500000US360290001104,360290001104,"Block Group 4, Census Tract 1.10, Erie County, New York",38295,15384
1500000US360290002001,360290002001,"Block Group 1, Census Tract 2, Erie County, New York",38199,7701
1500000US360290002002,360290002002,"Block Group 2, Census Tract 2, Erie County, New York",31298,17374
1500000US360290002003,360290002003,"Block Group 3, Census Tract 2, Erie County, New York",30000,13169
1500000US360290002004,360290002004,"Block Group 4, Census Tract 2, Erie County, New York",28091,5022
1500000US360290005001,360290005001,"Block Group 1, Census Tract 5, Erie County, New York",23516,17670
1500000US360290005002,360290005002,"Block Group 2, Census Tract 5, Erie County, New York",36591,31787
1500000US360290006001,360290006001,"Block Group 1, Census Tract 6, Erie County, New York",49138,11993
1500000US360290006002,360290006002,"Block Group 2, Census Tract 6, Erie County, New York",52083,18679
1500000US360290006003,360290006003,"Block Group 3, Census Tract 6, Erie County, New York",57917,15651
1500000US360290006004,360290006004,"Block Group 4, Census Tract 6, Erie County, New York",23603,22313
1500000US360290007001,360290007001,"Block Group 1, Census Tract 7, Erie County, New York",100917,15062
1500000US360290007002,360290007002,"Block Group 2, Census Tract 7, Erie County, New York",34833,18167
1500000US360290007003,360290007003,"Block Group 3, Census Tract 7, Erie County, New York",65363,21541
1500000US360290007004,360290007004,"Block Group 4, Census Tract 7, Erie County, New York",48209,8529
1500000US360290007005,360290007005,"Block Group 5, Census Tract 7, Erie County, New York",88571,44998
1500000US360290008001,360290008001,"Block Group 1, Census Tract 8, Erie County, New York",53616,26284
1500000US360290008002,360290008002,"Block Group 2, Census Tract 8, Erie County, New York",44750,12870
1500000US360290008003,360290008003,"Block Group 3, Census Tract 8, Erie County, New York",47258,11203
1500000US360290008004,360290008004,"Block Group 4, Census Tract 8, Erie County, New York",49063,18549
1500000US360290009001,360290009001,"Block Group 1, Census Tract 9, Erie County, New York",33500,24043
1500000US360290009002,360290009002,"Block Group 2, Census Tract 9, Erie County, New York",46923,9750
1500000US360290009003,360290009003,"Block Group 3, Census Tract 9, Erie County, New York",44554,5352
1500000US360290010001,360290010001,"Block Group 1, Census Tract 10, Erie County, New York",36250,11192
1500000US360290010002,360290010002,"Block Group 2, Census Tract 10, Erie County, New York",31798,32855
1500000US360290010003,360290010003,"Block Group 3, Census Tract 10, Erie County, New York",49803,12819
1500000US360290010004,360290010004,"Block Group 4, Census Tract 10, Erie County, New York",39231,16955
1500000US360290010005,360290010005,"Block Group 5, Census Tract 10, Erie County, New York",35078,16342
1500000US360290011001,360290011001,"Block Group 1, Census Tract 11, Erie County, New York",31413,9135
1500000US360290011002,360290011002,"Block Group 2, Census Tract 11, Erie County, New York",45729,19671
1500000US360290011003,360290011003,"Block Group 3, Census Tract 11, Erie County, New York",22689,6581
1500000US360290014021,360290014021,"Block Group 1, Census Tract 14.02, Erie County, New York",25327,8244
1500000US360290014022,360290014022,"Block Group 2, Census Tract 14.02, Erie County, New York",12304,7752
1500000US360290014023,360290014023,"Block Group 3, Census Tract 14.02, Erie County, New York",23226,4707
1500000US360290014024,360290014024,"Block Group 4, Census Tract 14.02, Erie County, New York",37639,27598
1500000US360290015001,360290015001,"Block Group 1, Census Tract 15, Erie County, New York",35208,21817
1500000US360290015002,360290015002,"Block Group 2, Census Tract 15, Erie County, New York",22228,21644
1500000US360290016001,360290016001,"Block Group 1, Census Tract 16, Erie County, New York",13534,6133
1500000US360290016002,360290016002,"Block Group 2, Census Tract 16, Erie County, New York",16481,4627
1500000US360290016003,360290016003,"Block Group 3, Census Tract 16, Erie County, New York",6656,2300
1500000US360290016004,360290016004,"Block Group 4, Census Tract 16, Erie County, New York",14444,5465
1500000US360290017001,360290017001,"Block Group 1, Census Tract 17, Erie County, New York",19833,9088
1500000US360290017002,360290017002,"Block Group 2, Census Tract 17, Erie County, New York",33478,10395
1500000US360290019001,360290019001,"Block Group 1, Census Tract 19, Erie County, New York",40238,15196
1500000US360290019002,360290019002,"Block Group 2, Census Tract 19, Erie County, New York",38348,4786
1500000US360290019003,360290019003,"Block Group 3, Census Tract 19, Erie County, New York",44605,13904
1500000US360290023001,360290023001,"Block Group 1, Census Tract 23, Erie County, New York",23523,16473
1500000US360290023002,360290023002,"Block Group 2, Census Tract 23, Erie County, New York",23500,11552
1500000US360290023003,360290023003,"Block Group 3, Census Tract 23, Erie County, New York",28456,7882
1500000US360290023004,360290023004,"Block Group 4, Census Tract 23, Erie County, New York",22135,2885
1500000US360290024001,360290024001,"Block Group 1, Census Tract 24, Erie County, New York",19904,27471
1500000US360290024002,360290024002,"Block Group 2, Census Tract 24, Erie County, New York",3220,3514
1500000US360290024003,360290024003,"Block Group 3, Census Tract 24, Erie County, New York",36275,6643
1500000US360290024004,360290024004,"Block Group 4, Census Tract 24, Erie County, New York",32961,11440
1500000US360290024005,360290024005,"Block Group 5, Census Tract 24, Erie County, New York",35240,7242
1500000US360290024006,360290024006,"Block Group 6, Census Tract 24, Erie County, New York",30667,15847
1500000US360290025021,360290025021,"Block Group 1, Census Tract 25.02, Erie County, New York",19044,13282
1500000US360290025022,360290025022,"Block Group 2, Census Tract 25.02, Erie County, New York",35948,8299
1500000US360290027021,360290027021,"Block Group 1, Census Tract 27.02, Erie County, New York",27625,23627
1500000US360290027022,360290027022,"Block Group 2, Census Tract 27.02, Erie County, New York",17292,14463
1500000US360290027023,360290027023,"Block Group 3, Census Tract 27.02, Erie County, New York",13988,10700
1500000US360290027024,360290027024,"Block Group 4, Census Tract 27.02, Erie County, New York",12138,3947
1500000US360290028001,360290028001,"Block Group 1, Census Tract 28, Erie County, New York",22500,13429
1500000US360290028002,360290028002,"Block Group 2, Census Tract 28, Erie County, New York",26667,14655
1500000US360290028003,360290028003,"Block Group 3, Census Tract 28, Erie County, New York",29750,29757
1500000US360290028004,360290028004,"Block Group 4, Census Tract 28, Erie County, New York",20302,10460
1500000US360290029001,360290029001,"Block Group 1, Census Tract 29, Erie County, New York",11707,15259
1500000US360290029002,360290029002,"Block Group 2, Census Tract 29, Erie County, New York",31063,21264
1500000US360290029003,360290029003,"Block Group 3, Census Tract 29, Erie County, New York",17196,11218
1500000US360290029004,360290029004,"Block Group 4, Census Tract 29, Erie County, New York",25313,22495
1500000US360290030001,360290030001,"Block Group 1, Census Tract 30, Erie County, New York",14177,9974
1500000US360290030002,360290030002,"Block Group 2, Census Tract 30, Erie County, New York",14731,5031
1500000US360290030003,360290030003,"Block Group 3, Census Tract 30, Erie County, New York",24563,37151
1500000US360290031001,360290031001,"Block Group 1, Census Tract 31, Erie County, New York",15542,29754
1500000US360290031002,360290031002,"Block Group 2, Census Tract 31, Erie County, New York",24323,28031
1500000US360290031003,360290031003,"Block Group 3, Census Tract 31, Erie County, New York",21648,11206
1500000US360290031004,360290031004,"Block Group 4, Census Tract 31, Erie County, New York",9896,3497
1500000US360290033011,360290033011,"Block Group 1, Census Tract 33.01, Erie County, New York",43451,17117
1500000US360290033012,360290033012,"Block Group 2, Census Tract 33.01, Erie County, New York",35750,20371
1500000US360290033013,360290033013,"Block Group 3, Census Tract 33.01, Erie County, New York",25507,7306
1500000US360290033014,360290033014,"Block Group 4, Census Tract 33.01, Erie County, New York",25568,27462
1500000US360290033021,360290033021,"Block Group 1, Census Tract 33.02, Erie County, New York",36471,14919
1500000US360290033022,360290033022,"Block Group 2, Census Tract 33.02, Erie County, New York",19911,7451
1500000US360290033023,360290033023,"Block Group 3, Census Tract 33.02, Erie County, New York",24125,17967
1500000US360290033024,360290033024,"Block Group 4, Census Tract 33.02, Erie County, New York",15208,20202
1500000US360290034001,360290034001,"Block Group 1, Census Tract 34, Erie County, New York",27077,7929
1500000US360290034002,360290034002,"Block Group 2, Census Tract 34, Erie County, New York",53250,40940
1500000US360290034003,360290034003,"Block Group 3, Census Tract 34, Erie County, New York",41979,41284
1500000US360290034004,360290034004,"Block Group 4, Census Tract 34, Erie County, New York",20521,23457
1500000US360290034005,360290034005,"Block Group 5, Census Tract 34, Erie County, New York",22273,8888
1500000US360290035001,360290035001,"Block Group 1, Census Tract 35, Erie County, New York",14205,6877
1500000US360290035002,360290035002,"Block Group 2, Census Tract 35, Erie County, New York",23675,6933
1500000US360290035003,360290035003,"Block Group 3, Census Tract 35, Erie County, New York",12112,5924
1500000US360290035004,360290035004,"Block Group 4, Census Tract 35, Erie County, New York",11889,4068
1500000US360290036001,360290036001,"Block Group 1, Census Tract 36, Erie County, New York",16552,7254
1500000US360290036002,360290036002,"Block Group 2, Census Tract 36, Erie County, New York",29886,18961
1500000US360290036003,360290036003,"Block Group 3, Census Tract 36, Erie County, New York",12036,5975
1500000US360290036004,360290036004,"Block Group 4, Census Tract 36, Erie County, New York",33438,29852
1500000US360290037001,360290037001,"Block Group 1, Census Tract 37, Erie County, New York",14063,6204
1500000US360290037002,360290037002,"Block Group 2, Census Tract 37, Erie County, New York",27566,7279
1500000US360290037003,360290037003,"Block Group 3, Census Tract 37, Erie County, New York",8830,5826
1500000US360290037004,360290037004,"Block Group 4, Census Tract 37, Erie County, New York",28977,15546
1500000US360290037005,360290037005,"Block Group 5, Census Tract 37, Erie County, New York",14464,24816
1500000US360290038001,360290038001,"Block Group 1, Census Tract 38, Erie County, New York",28773,5205
1500000US360290038002,360290038002,"Block Group 2, Census Tract 38, Erie County, New York",16098,11662
1500000US360290038003,360290038003,"Block Group 3, Census Tract 38, Erie County, New York",25866,1971
1500000US360290039011,360290039011,"Block Group 1, Census Tract 39.01, Erie County, New York",27602,4401
1500000US360290040011,360290040011,"Block Group 1, Census Tract 40.01, Erie County, New York",22010,4439
1500000US360290040012,360290040012,"Block Group 2, Census Tract 40.01, Erie County, New York",21797,10936
1500000US360290040013,360290040013,"Block Group 3, Census Tract 40.01, Erie County, New York",11717,2669
1500000US360290040014,360290040014,"Block Group 4, Census Tract 40.01, Erie County, New York",30524,15272
1500000US360290040015,360290040015,"Block Group 5, Census Tract 40.01, Erie County, New York",40750,15646
1500000US360290041001,360290041001,"Block Group 1, Census Tract 41, Erie County, New York",28966,6839
1500000US360290041002,360290041002,"Block Group 2, Census Tract 41, Erie County, New York",35284,14322
1500000US360290041003,360290041003,"Block Group 3, Census Tract 41, Erie County, New York",29833,23184
1500000US360290041004,360290041004,"Block Group 4, Census Tract 41, Erie County, New York",30046,8792
1500000US360290042001,360290042001,"Block Group 1, Census Tract 42, Erie County, New York",36667,31231
1500000US360290042002,360290042002,"Block Group 2, Census Tract 42, Erie County, New York",36790,21544
1500000US360290042003,360290042003,"Block Group 3, Census Tract 42, Erie County, New York",28352,12878
1500000US360290042004,360290042004,"Block Group 4, Census Tract 42, Erie County, New York",12850,11567
1500000US360290042005,360290042005,"Block Group 5, Census Tract 42, Erie County, New York",19700,19953
1500000US360290043001,360290043001,"Block Group 1, Census Tract 43, Erie County, New York",37870,11725
1500000US360290043002,360290043002,"Block Group 2, Census Tract 43, Erie County, New York",38714,16062
1500000US360290043003,360290043003,"Block Group 3, Census Tract 43, Erie County, New York",28784,12730
1500000US360290043004,360290043004,"Block Group 4, Census Tract 43, Erie County, New York",52024,88069
1500000US360290043005,360290043005,"Block Group 5, Census Tract 43, Erie County, New York",28514,31386
1500000US360290043006,360290043006,"Block Group 6, Census Tract 43, Erie County, New York",17738,14164
1500000US360290043007,360290043007,"Block Group 7, Census Tract 43, Erie County, New York",63409,40693
1500000US360290044011,360290044011,"Block Group 1, Census Tract 44.01, Erie County, New York",30106,12853
1500000US360290044012,360290044012,"Block Group 2, Census Tract 44.01, Erie County, New York",31974,21041
1500000US360290044013,360290044013,"Block Group 3, Census Tract 44.01, Erie County, New York",29514,14397
1500000US360290044014,360290044014,"Block Group 4, Census Tract 44.01, Erie County, New York",24130,11909
1500000US360290044021,360290044021,"Block Group 1, Census Tract 44.02, Erie County, New York",11740,4858
1500000US360290044022,360290044022,"Block Group 2, Census Tract 44.02, Erie County, New York",23015,5278
1500000US360290045001,360290045001,"Block Group 1, Census Tract 45, Erie County, New York",58141,20151
1500000US360290045002,360290045002,"Block Group 2, Census Tract 45, Erie County, New York",33021,28399
1500000US360290045003,360290045003,"Block Group 3, Census Tract 45, Erie County, New York",69063,19913
1500000US360290045004,360290045004,"Block Group 4, Census Tract 45, Erie County, New York",113750,84090
1500000US360290045005,360290045005,"Block Group 5, Census Tract 45, Erie County, New York",66750,28175
1500000US360290045006,360290045006,"Block Group 6, Census Tract 45, Erie County, New York",58304,80518
1500000US360290046011,360290046011,"Block Group 1, Census Tract 46.01, Erie County, New York",43659,7401
1500000US360290046012,360290046012,"Block Group 2, Census Tract 46.01, Erie County, New York",49659,14564
1500000US360290046013,360290046013,"Block Group 3, Census Tract 46.01, Erie County, New York",57250,51508
1500000US360290046014,360290046014,"Block Group 4, Census Tract 46.01, Erie County, New York",35100,8901
1500000US360290046021,360290046021,"Block Group 1, Census Tract 46.02, Erie County, New York",-,**
1500000US360290047001,360290047001,"Block Group 1, Census Tract 47, Erie County, New York",50078,34257
1500000US360290047002,360290047002,"Block Group 2, Census Tract 47, Erie County, New York",33891,9607
1500000US360290047003,360290047003,"Block Group 3, Census Tract 47, Erie County, New York",31823,5599
1500000US360290047004,360290047004,"Block Group 4, Census Tract 47, Erie County, New York",28750,10376
1500000US360290047005,360290047005,"Block Group 5, Census Tract 47, Erie County, New York",19675,29598
1500000US360290048001,360290048001,"Block Group 1, Census Tract 48, Erie County, New York",83311,11382
1500000US360290048002,360290048002,"Block Group 2, Census Tract 48, Erie County, New York",55956,28186
1500000US360290048003,360290048003,"Block Group 3, Census Tract 48, Erie County, New York",56836,12412
1500000US360290049001,360290049001,"Block Group 1, Census Tract 49, Erie County, New York",40033,13344
1500000US360290049002,360290049002,"Block Group 2, Census Tract 49, Erie County, New York",49615,13856
1500000US360290049003,360290049003,"Block Group 3, Census Tract 49, Erie County, New York",60061,20492
1500000US360290049004,360290049004,"Block Group 4, Census Tract 49, Erie County, New York",37545,3686
1500000US360290049005,360290049005,"Block Group 5, Census Tract 49, Erie County, New York",53125,28508
1500000US360290050001,360290050001,"Block Group 1, Census Tract 50, Erie County, New York",41413,5060
1500000US360290050002,360290050002,"Block Group 2, Census Tract 50, Erie County, New York",29091,35388
1500000US360290050003,360290050003,"Block Group 3, Census Tract 50, Erie County, New York",26848,9642
1500000US360290051001,360290051001,"Block Group 1, Census Tract 51, Erie County, New York",39471,18790
1500000US360290051002,360290051002,"Block Group 2, Census Tract 51, Erie County, New York",23995,6553
1500000US360290051003,360290051003,"Block Group 3, Census Tract 51, Erie County, New York",45682,30320
1500000US360290051004,360290051004,"Block Group 4, Census Tract 51, Erie County, New York",51050,38305
1500000US360290052011,360290052011,"Block Group 1, Census Tract 52.01, Erie County, New York",57014,13557
1500000US360290052012,360290052012,"Block Group 2, Census Tract 52.01, Erie County, New York",54091,10703
1500000US360290052013,360290052013,"Block Group 3, Census Tract 52.01, Erie County, New York",22898,27130
1500000US360290052014,360290052014,"Block Group 4, Census Tract 52.01, Erie County, New York",28940,25048
1500000US360290052021,360290052021,"Block Group 1, Census Tract 52.02, Erie County, New York",34635,8274
1500000US360290052022,360290052022,"Block Group 2, Census Tract 52.02, Erie County, New York",33400,11584
1500000US360290053001,360290053001,"Block Group 1, Census Tract 53, Erie County, New York",68750,18498
1500000US360290053002,360290053002,"Block Group 2, Census Tract 53, Erie County, New York",11552,3672
1500000US360290054001,360290054001,"Block Group 1, Census Tract 54, Erie County, New York",47974,17440
1500000US360290054002,360290054002,"Block Group 2, Census Tract 54, Erie County, New York",33092,15437
1500000US360290054003,360290054003,"Block Group 3, Census Tract 54, Erie County, New York",79125,36011
1500000US360290054004,360290054004,"Block Group 4, Census Tract 54, Erie County, New York",78667,33928
1500000US360290055001,360290055001,"Block Group 1, Census Tract 55, Erie County, New York",32656,17341
1500000US360290055002,360290055002,"Block Group 2, Census Tract 55, Erie County, New York",19875,27766
1500000US360290055003,360290055003,"Block Group 3, Census Tract 55, Erie County, New York",22604,6589
1500000US360290055004,360290055004,"Block Group 4, Census Tract 55, Erie County, New York",9466,10806
1500000US360290056001,360290056001,"Block Group 1, Census Tract 56, Erie County, New York",14226,5174
1500000US360290056002,360290056002,"Block Group 2, Census Tract 56, Erie County, New York",53050,18762
1500000US360290056003,360290056003,"Block Group 3, Census Tract 56, Erie County, New York",36842,17059
1500000US360290056004,360290056004,"Block Group 4, Census Tract 56, Erie County, New York",20851,9437
1500000US360290056005,360290056005,"Block Group 5, Census Tract 56, Erie County, New York",33703,2711
1500000US360290057001,360290057001,"Block Group 1, Census Tract 57, Erie County, New York",16506,3238
1500000US360290057002,360290057002,"Block Group 2, Census Tract 57, Erie County, New York",40688,23409
1500000US360290057003,360290057003,"Block Group 3, Census Tract 57, Erie County, New York",40278,18281
1500000US360290058011,360290058011,"Block Group 1, Census Tract 58.01, Erie County, New York",40625,11028
1500000US360290058012,360290058012,"Block Group 2, Census Tract 58.01, Erie County, New York",39881,16804
1500000US360290058013,360290058013,"Block Group 3, Census Tract 58.01, Erie County, New York",29926,13946
1500000US360290058021,360290058021,"Block Group 1, Census Tract 58.02, Erie County, New York",28067,6092
1500000US360290058022,360290058022,"Block Group 2, Census Tract 58.02, Erie County, New York",27899,14497
1500000US360290058023,360290058023,"Block Group 3, Census Tract 58.02, Erie County, New York",16310,10412
1500000US360290058024,360290058024,"Block Group 4, Census Tract 58.02, Erie County, New York",24135,14838
1500000US360290059001,360290059001,"Block Group 1, Census Tract 59, Erie County, New York",31389,5153
1500000US360290059002,360290059002,"Block Group 2, Census Tract 59, Erie County, New York",12865,10778
1500000US360290059003,360290059003,"Block Group 3, Census Tract 59, Erie County, New York",22188,13081
1500000US360290059004,360290059004,"Block Group 4, Census Tract 59, Erie County, New York",21771,8699
1500000US360290059005,360290059005,"Block Group 5, Census Tract 59, Erie County, New York",15557,4540
1500000US360290061001,360290061001,"Block Group 1, Census Tract 61, Erie County, New York",40474,20177
1500000US360290061002,360290061002,"Block Group 2, Census Tract 61, Erie County, New York",27045,22451
1500000US360290061003,360290061003,"Block Group 3, Census Tract 61, Erie County, New York",38679,12971
1500000US360290061004,360290061004,"Block Group 4, Census Tract 61, Erie County, New York",17813,7941
1500000US360290061005,360290061005,"Block Group 5, Census Tract 61, Erie County, New York",18221,16029
1500000US360290062011,360290062011,"Block Group 1, Census Tract 62.01, Erie County, New York",-,**
1500000US360290063011,360290063011,"Block Group 1, Census Tract 63.01, Erie County, New York",51722,21516
1500000US360290063012,360290063012,"Block Group 2, Census Tract 63.01, Erie County, New York",66690,7273
1500000US360290063013,360290063013,"Block Group 3, Census Tract 63.01, Erie County, New York",54805,74297
1500000US360290063014,360290063014,"Block Group 4, Census Tract 63.01, Erie County, New York",54093,8966
1500000US360290063015,360290063015,"Block Group 5, Census Tract 63.01, Erie County, New York",32031,13016
1500000US360290063021,360290063021,"Block Group 1, Census Tract 63.02, Erie County, New York",75096,22830
1500000US360290063022,360290063022,"Block Group 2, Census Tract 63.02, Erie County, New York",74167,35604
1500000US360290063023,360290063023,"Block Group 3, Census Tract 63.02, Erie County, New York",54063,32997
1500000US360290065011,360290065011,"Block Group 1, Census Tract 65.01, Erie County, New York",75699,23696
1500000US360290065012,360290065012,"Block Group 2, Census Tract 65.01, Erie County, New York",47375,13189
1500000US360290065013,360290065013,"Block Group 3, Census Tract 65.01, Erie County, New York",42012,2845
1500000US360290065014,360290065014,"Block Group 4, Census Tract 65.01, Erie County, New York",27781,12985
1500000US360290066011,360290066011,"Block Group 1, Census Tract 66.01, Erie County, New York",18750,20438
1500000US360290066012,360290066012,"Block Group 2, Census Tract 66.01, Erie County, New York",41215,24749
1500000US360290066013,360290066013,"Block Group 3, Census Tract 66.01, Erie County, New York",30027,24247
1500000US360290066021,360290066021,"Block Group 1, Census Tract 66.02, Erie County, New York",43500,18407
1500000US360290066022,360290066022,"Block Group 2, Census Tract 66.02, Erie County, New York",62813,11326
1500000US360290066023,360290066023,"Block Group 3, Census Tract 66.02, Erie County, New York",13904,3648
1500000US360290067011,360290067011,"Block Group 1, Census Tract 67.01, Erie County, New York",34562,16590
1500000US360290067012,360290067012,"Block Group 2, Census Tract 67.01, Erie County, New York",46399,9205
1500000US360290067013,360290067013,"Block Group 3, Census Tract 67.01, Erie County, New York",33792,17934
1500000US360290067021,360290067021,"Block Group 1, Census Tract 67.02, Erie County, New York",23406,5116
1500000US360290067022,360290067022,"Block Group 2, Census Tract 67.02, Erie County, New York",34353,17012
1500000US360290067023,360290067023,"Block Group 3, Census Tract 67.02, Erie County, New York",50909,33774
1500000US360290068001,360290068001,"Block Group 1, Census Tract 68, Erie County, New York",23443,6297
1500000US360290068002,360290068002,"Block Group 2, Census Tract 68, Erie County, New York",50265,9569
1500000US360290068003,360290068003,"Block Group 3, Census Tract 68, Erie County, New York",29265,30556
1500000US360290068004,360290068004,"Block Group 4, Census Tract 68, Erie County, New York",53348,23058
1500000US360290069011,360290069011,"Block Group 1, Census Tract 69.01, Erie County, New York",40038,25401
1500000US360290069012,360290069012,"Block Group 2, Census Tract 69.01, Erie County, New York",18387,2666
1500000US360290069013,360290069013,"Block Group 3, Census Tract 69.01, Erie County, New York",16429,10165
1500000US360290069014,360290069014,"Block Group 4, Census Tract 69.01, Erie County, New York",25539,17310
1500000US360290069021,360290069021,"Block Group 1, Census Tract 69.02, Erie County, New York",23523,13625
1500000US360290069022,360290069022,"Block Group 2, Census Tract 69.02, Erie County, New York",36623,15265
1500000US360290069023,360290069023,"Block Group 3, Census Tract 69.02, Erie County, New York",9952,19411
1500000US360290069024,360290069024,"Block Group 4, Census Tract 69.02, Erie County, New York",13469,5803
1500000US360290070001,360290070001,"Block Group 1, Census Tract 70, Erie County, New York",14292,3948
1500000US360290070002,360290070002,"Block Group 2, Census Tract 70, Erie County, New York",20784,7167
1500000US360290070003,360290070003,"Block Group 3, Census Tract 70, Erie County, New York",37188,33507
1500000US360290071011,360290071011,"Block Group 1, Census Tract 71.01, Erie County, New York",26553,23989
1500000US360290071012,360290071012,"Block Group 2, Census Tract 71.01, Erie County, New York",11154,5032
1500000US360290071013,360290071013,"Block Group 3, Census Tract 71.01, Erie County, New York",25000,6084
1500000US360290071014,360290071014,"Block Group 4, Census Tract 71.01, Erie County, New York",9178,1023
1500000US360290071021,360290071021,"Block Group 1, Census Tract 71.02, Erie County, New York",9631,3345
1500000US360290071022,360290071022,"Block Group 2, Census Tract 71.02, Erie County, New York",18676,10953
1500000US360290071023,360290071023,"Block Group 3, Census Tract 71.02, Erie County, New York",29659,23657
1500000US360290072021,360290072021,"Block Group 1, Census Tract 72.02, Erie County, New York",43015,5090
1500000US360290073021,360290073021,"Block Group 1, Census Tract 73.02, Erie County, New York",80688,25781
1500000US360290073022,360290073022,"Block Group 2, Census Tract 73.02, Erie County, New York",34861,28160
1500000US360290073023,360290073023,"Block Group 3, Census Tract 73.02, Erie County, New York",98984,21625
1500000US360290073024,360290073024,"Block Group 4, Census Tract 73.02, Erie County, New York",82130,18261
1500000US360290073025,360290073025,"Block Group 5, Census Tract 73.02, Erie County, New York",86250,29684
1500000US360290073026,360290073026,"Block Group 6, Census Tract 73.02, Erie County, New York",56875,27083
1500000US360290073031,360290073031,"Block Group 1, Census Tract 73.03, Erie County, New York",96250,41540
1500000US360290073032,360290073032,"Block Group 2, Census Tract 73.03, Erie County, New York",66422,18254
1500000US360290073033,360290073033,"Block Group 3, Census Tract 73.03, Erie County, New York",40109,10369
1500000US360290073034,360290073034,"Block Group 4, Census Tract 73.03, Erie County, New York",96635,26238
1500000US360290073041,360290073041,"Block Group 1, Census Tract 73.04, Erie County, New York",95179,18126
1500000US360290073042,360290073042,"Block Group 2, Census Tract 73.04, Erie County, New York",95583,12620
1500000US360290076001,360290076001,"Block Group 1, Census Tract 76, Erie County, New York",49167,13956
1500000US360290076002,360290076002,"Block Group 2, Census Tract 76, Erie County, New York",54556,11903
1500000US360290076003,360290076003,"Block Group 3, Census Tract 76, Erie County, New York",59750,16545
1500000US360290077001,360290077001,"Block Group 1, Census Tract 77, Erie County, New York",31653,17562
1500000US360290077002,360290077002,"Block Group 2, Census Tract 77, Erie County, New York",52750,28436
1500000US360290077003,360290077003,"Block Group 3, Census Tract 77, Erie County, New York",39318,19301
1500000US360290077004,360290077004,"Block Group 4, Census Tract 77, Erie County, New York",37578,32436
1500000US360290077005,360290077005,"Block Group 5, Census Tract 77, Erie County, New York",41755,13807
1500000US360290078001,360290078001,"Block Group 1, Census Tract 78, Erie County, New York",64811,20914
1500000US360290078002,360290078002,"Block Group 2, Census Tract 78, Erie County, New York",23811,6227
1500000US360290078003,360290078003,"Block Group 3, Census Tract 78, Erie County, New York",53646,8522
1500000US360290078004,360290078004,"Block Group 4, Census Tract 78, Erie County, New York",64881,10855
1500000US360290079011,360290079011,"Block Group 1, Census Tract 79.01, Erie County, New York",85938,18963
1500000US360290079012,360290079012,"Block Group 2, Census Tract 79.01, Erie County, New York",55455,8790
1500000US360290079013,360290079013,"Block Group 3, Census Tract 79.01, Erie County, New York",64844,29214
1500000US360290079021,360290079021,"Block Group 1, Census Tract 79.02, Erie County, New York",53545,5268
1500000US360290079022,360290079022,"Block Group 2, Census Tract 79.02, Erie County, New York",43558,21890
1500000US360290079023,360290079023,"Block Group 3, Census Tract 79.02, Erie County, New York",49107,6603
1500000US360290079024,360290079024,"Block Group 4, Census Tract 79.02, Erie County, New York",58558,21248
1500000US360290079025,360290079025,"Block Group 5, Census Tract 79.02, Erie County, New York",73750,32067
1500000US360290079026,360290079026,"Block Group 6, Census Tract 79.02, Erie County, New York",67667,18500
1500000US360290079031,360290079031,"Block Group 1, Census Tract 79.03, Erie County, New York",60192,23664
1500000US360290079032,360290079032,"Block Group 2, Census Tract 79.03, Erie County, New York",54537,17969
1500000US360290079033,360290079033,"Block Group 3, Census Tract 79.03, Erie County, New York",65259,9291
1500000US360290079041,360290079041,"Block Group 1, Census Tract 79.04, Erie County, New York",56354,15481
1500000US360290079042,360290079042,"Block Group 2, Census Tract 79.04, Erie County, New York",74750,26353
1500000US360290079043,360290079043,"Block Group 3, Census Tract 79.04, Erie County, New York",44805,13819
1500000US360290079051,360290079051,"Block Group 1, Census Tract 79.05, Erie County, New York",55598,13086
1500000US360290079052,360290079052,"Block Group 2, Census Tract 79.05, Erie County, New York",58314,9454
1500000US360290079053,360290079053,"Block Group 3, Census Tract 79.05, Erie County, New York",64688,13588
1500000US360290080011,360290080011,"Block Group 1, Census Tract 80.01, Erie County, New York",43705,9488
1500000US360290080012,360290080012,"Block Group 2, Census Tract 80.01, Erie County, New York",75081,33764
1500000US360290080013,360290080013,"Block Group 3, Census Tract 80.01, Erie County, New York",55893,35312
1500000US360290080014,360290080014,"Block Group 4, Census Tract 80.01, Erie County, New York",60000,24750
1500000US360290080015,360290080015,"Block Group 5, Census Tract 80.01, Erie County, New York",57292,7078
1500000US360290080016,360290080016,"Block Group 6, Census Tract 80.01, Erie County, New York",57917,32982
1500000US360290080021,360290080021,"Block Group 1, Census Tract 80.02, Erie County, New York",42500,21286
1500000US360290080022,360290080022,"Block Group 2, Census Tract 80.02, Erie County, New York",47661,7585
1500000US360290080023,360290080023,"Block Group 3, Census Tract 80.02, Erie County, New York",58796,22059
1500000US360290080024,360290080024,"Block Group 4, Census Tract 80.02, Erie County, New York",51845,27460
1500000US360290080025,360290080025,"Block Group 5, Census Tract 80.02, Erie County, New York",63828,12973
1500000US360290080026,360290080026,"Block Group 6, Census Tract 80.02, Erie County, New York",92202,23648
1500000US360290080031,360290080031,"Block Group 1, Census Tract 80.03, Erie County, New York",49595,9589
1500000US360290080032,360290080032,"Block Group 2, Census Tract 80.03, Erie County, New York",32120,29417
1500000US360290080033,360290080033,"Block Group 3, Census Tract 80.03, Erie County, New York",38750,58615
1500000US360290080034,360290080034,"Block Group 4, Census Tract 80.03, Erie County, New York",53736,12737
1500000US360290080035,360290080035,"Block Group 5, Census Tract 80.03, Erie County, New York",64444,7580
1500000US360290081011,360290081011,"Block Group 1, Census Tract 81.01, Erie County, New York",51641,7421
1500000US360290081012,360290081012,"Block Group 2, Census Tract 81.01, Erie County, New York",46833,28386
1500000US360290081013,360290081013,"Block Group 3, Census Tract 81.01, Erie County, New York",60833,14092
1500000US360290081014,360290081014,"Block Group 4, Census Tract 81.01, Erie County, New York",65662,33740
1500000US360290081015,360290081015,"Block Group 5, Census Tract 81.01, Erie County, New York",42667,13531
1500000US360290081021,360290081021,"Block Group 1, Census Tract 81.02, Erie County, New York",67500,21718
1500000US360290081022,360290081022,"Block Group 2, Census Tract 81.02, Erie County, New York",53387,10360
1500000US360290081023,360290081023,"Block Group 3, Census Tract 81.02, Erie County, New York",140288,55363
1500000US360290081024,360290081024,"Block Group 4, Census Tract 81.02, Erie County, New York",76071,25952
1500000US360290081025,360290081025,"Block Group 5, Census Tract 81.02, Erie County, New York",52083,25597
1500000US360290082011,360290082011,"Block Group 1, Census Tract 82.01, Erie County, New York",41429,14568
1500000US360290082012,360290082012,"Block Group 2, Census Tract 82.01, Erie County, New York",51111,6698
1500000US360290082013,360290082013,"Block Group 3, Census Tract 82.01, Erie County, New York",58472,12717
1500000US360290082021,360290082021,"Block Group 1, Census Tract 82.02, Erie County, New York",56875,23612
1500000US360290082022,360290082022,"Block Group 2, Census Tract 82.02, Erie County, New York",42778,9060
1500000US360290082023,360290082023,"Block Group 3, Census Tract 82.02, Erie County, New York",58250,16708
1500000US360290082024,360290082024,"Block Group 4, Census Tract 82.02, Erie County, New York",53341,8570
1500000US360290082025,360290082025,"Block Group 5, Census Tract 82.02, Erie County, New York",26739,7452
1500000US360290083001,360290083001,"Block Group 1, Census Tract 83, Erie County, New York",24306,9286
1500000US360290083002,360290083002,"Block Group 2, Census Tract 83, Erie County, New York",18028,9986
1500000US360290083003,360290083003,"Block Group 3, Census Tract 83, Erie County, New York",30536,25325
1500000US360290084001,360290084001,"Block Group 1, Census Tract 84, Erie County, New York",62500,22270
1500000US360290084002,360290084002,"Block Group 2, Census Tract 84, Erie County, New York",44881,16987
1500000US360290084003,360290084003,"Block Group 3, Census Tract 84, Erie County, New York",33711,3836
1500000US360290085001,360290085001,"Block Group 1, Census Tract 85, Erie County, New York",42750,22585
1500000US360290085002,360290085002,"Block Group 2, Census Tract 85, Erie County, New York",51977,8400
1500000US360290086001,360290086001,"Block Group 1, Census Tract 86, Erie County, New York",83702,6361
1500000US360290086002,360290086002,"Block Group 2, Census Tract 86, Erie County, New York",65645,13250
1500000US360290086003,360290086003,"Block Group 3, Census Tract 86, Erie County, New York",43672,31566
1500000US360290086004,360290086004,"Block Group 4, Census Tract 86, Erie County, New York",64191,30095
1500000US360290086005,360290086005,"Block Group 5, Census Tract 86, Erie County, New York",25047,2337
1500000US360290086006,360290086006,"Block Group 6, Census Tract 86, Erie County, New York",70288,24040
1500000US360290087001,360290087001,"Block Group 1, Census Tract 87, Erie County, New York",46927,11925
1500000US360290087002,360290087002,"Block Group 2, Census Tract 87, Erie County, New York",47583,43154
1500000US360290087003,360290087003,"Block Group 3, Census Tract 87, Erie County, New York",57109,16760
1500000US360290087004,360290087004,"Block Group 4, Census Tract 87, Erie County, New York",47688,31727
1500000US360290087005,360290087005,"Block Group 5, Census Tract 87, Erie County, New York",53358,12421
1500000US360290088001,360290088001,"Block Group 1, Census Tract 88, Erie County, New York",50320,12886
1500000US360290088002,360290088002,"Block Group 2, Census Tract 88, Erie County, New York",46563,6227
1500000US360290088003,360290088003,"Block Group 3, Census Tract 88, Erie County, New York",43977,8897
1500000US360290089001,360290089001,"Block Group 1, Census Tract 89, Erie County, New York",60787,12643
1500000US360290089002,360290089002,"Block Group 2, Census Tract 89, Erie County, New York",81750,21656
1500000US360290089003,360290089003,"Block Group 3, Census Tract 89, Erie County, New York",63459,16048
1500000US360290089004,360290089004,"Block Group 4, Census Tract 89, Erie County, New York",65227,15085
1500000US360290089005,360290089005,"Block Group 5, Census Tract 89, Erie County, New York",80329,11596
1500000US360290090041,360290090041,"Block Group 1, Census Tract 90.04, Erie County, New York",64154,6982
1500000US360290090042,360290090042,"Block Group 2, Census Tract 90.04, Erie County, New York",92500,16474
1500000US360290090061,360290090061,"Block Group 1, Census Tract 90.06, Erie County, New York",82045,31086
1500000US360290090062,360290090062,"Block Group 2, Census Tract 90.06, Erie County, New York",60458,6592
1500000US360290090063,360290090063,"Block Group 3, Census Tract 90.06, Erie County, New York",82287,42888
1500000US360290090064,360290090064,"Block Group 4, Census Tract 90.06, Erie County, New York",85347,8727
1500000US360290090065,360290090065,"Block Group 5, Census Tract 90.06, Erie County, New York",89609,40993
1500000US360290090071,360290090071,"Block Group 1, Census Tract 90.07, Erie County, New York",157159,21441
1500000US360290090072,360290090072,"Block Group 2, Census Tract 90.07, Erie County, New York",135417,78269
1500000US360290090073,360290090073,"Block Group 3, Census Tract 90.07, Erie County, New York",108750,26292
1500000US360290090074,360290090074,"Block Group 4, Census Tract 90.07, Erie County, New York",176083,93036
1500000US360290090081,360290090081,"Block Group 1, Census Tract 90.08, Erie County, New York",46583,12197
1500000US360290090082,360290090082,"Block Group 2, Census Tract 90.08, Erie County, New York",55714,63466
1500000US360290090083,360290090083,"Block Group 3, Census Tract 90.08, Erie County, New York",82895,42707
1500000US360290090091,360290090091,"Block Group 1, Census Tract 90.09, Erie County, New York",94406,22242
1500000US360290090092,360290090092,"Block Group 2, Census Tract 90.09, Erie County, New York",75653,14692
1500000US360290090101,360290090101,"Block Group 1, Census Tract 90.10, Erie County, New York",110096,18721
1500000US360290090102,360290090102,"Block Group 2, Census Tract 90.10, Erie County, New York",75833,10716
1500000US360290091041,360290091041,"Block Group 1, Census Tract 91.04, Erie County, New York",90774,23336
1500000US360290091042,360290091042,"Block Group 2, Census Tract 91.04, Erie County, New York",104583,19293
1500000US360290091043,360290091043,"Block Group 3, Census Tract 91.04, Erie County, New York",71563,28622
1500000US360290091061,360290091061,"Block Group 1, Census Tract 91.06, Erie County, New York",65875,16568
1500000US360290091062,360290091062,"Block Group 2, Census Tract 91.06, Erie County, New York",71705,12350
1500000US360290091071,360290091071,"Block Group 1, Census Tract 91.07, Erie County, New York",58588,13667
1500000US360290091072,360290091072,"Block Group 2, Census Tract 91.07, Erie County, New York",71731,23927
1500000US360290091073,360290091073,"Block Group 3, Census Tract 91.07, Erie County, New York",39494,30507
1500000US360290091074,360290091074,"Block Group 4, Census Tract 91.07, Erie County, New York",55556,13104
1500000US360290091091,360290091091,"Block Group 1, Census Tract 91.09, Erie County, New York",58487,12633
1500000US360290091092,360290091092,"Block Group 2, Census Tract 91.09, Erie County, New York",65847,11414
1500000US360290091101,360290091101,"Block Group 1, Census Tract 91.10, Erie County, New York",-,**
1500000US360290091121,360290091121,"Block Group 1, Census Tract 91.12, Erie County, New York",25532,4927
1500000US360290091131,360290091131,"Block Group 1, Census Tract 91.13, Erie County, New York",105391,25411
1500000US360290091132,360290091132,"Block Group 2, Census Tract 91.13, Erie County, New York",87636,13541
1500000US360290091133,360290091133,"Block Group 3, Census Tract 91.13, Erie County, New York",105357,10402
1500000US360290091141,360290091141,"Block Group 1, Census Tract 91.14, Erie County, New York",111850,17052
1500000US360290091142,360290091142,"Block Group 2, Census Tract 91.14, Erie County, New York",47763,10161
1500000US360290091143,360290091143,"Block Group 3, Census Tract 91.14, Erie County, New York",88333,7763
1500000US360290091151,360290091151,"Block Group 1, Census Tract 91.15, Erie County, New York",29000,5423
1500000US360290091152,360290091152,"Block Group 2, Census Tract 91.15, Erie County, New York",36094,9977
1500000US360290091161,360290091161,"Block Group 1, Census Tract 91.16, Erie County, New York",82167,21242
1500000US360290091162,360290091162,"Block Group 2, Census Tract 91.16, Erie County, New York",69333,20208
1500000US360290091163,360290091163,"Block Group 3, Census Tract 91.16, Erie County, New York",26693,7521
1500000US360290091164,360290091164,"Block Group 4, Census Tract 91.16, Erie County, New York",45083,19410
1500000US360290092001,360290092001,"Block Group 1, Census Tract 92, Erie County, New York",54922,7706
1500000US360290092002,360290092002,"Block Group 2, Census Tract 92, Erie County, New York",59714,11939
1500000US360290092003,360290092003,"Block Group 3, Census Tract 92, Erie County, New York",27875,11686
1500000US360290092004,360290092004,"Block Group 4, Census Tract 92, Erie County, New York",26450,12699
1500000US360290093011,360290093011,"Block Group 1, Census Tract 93.01, Erie County, New York",43111,18798
1500000US360290093012,360290093012,"Block Group 2, Census Tract 93.01, Erie County, New York",52589,20034
1500000US360290093013,360290093013,"Block Group 3, Census Tract 93.01, Erie County, New York",32321,31791
1500000US360290093014,360290093014,"Block Group 4, Census Tract 93.01, Erie County, New York",69808,27585
1500000US360290093015,360290093015,"Block Group 5, Census Tract 93.01, Erie County, New York",19037,15766
1500000US360290093021,360290093021,"Block Group 1, Census Tract 93.02, Erie County, New York",52000,8669
1500000US360290093022,360290093022,"Block Group 2, Census Tract 93.02, Erie County, New York",56250,18488
1500000US360290093023,360290093023,"Block Group 3, Census Tract 93.02, Erie County, New York",44167,20950
1500000US360290094011,360290094011,"Block Group 1, Census Tract 94.01, Erie County, New York",45121,15299
1500000US360290094012,360290094012,"Block Group 2, Census Tract 94.01, Erie County, New York",107723,18944
1500000US360290094013,360290094013,"Block Group 3, Census Tract 94.01, Erie County, New York",56058,15195
1500000US360290094014,360290094014,"Block Group 4, Census Tract 94.01, Erie County, New York",57013,2727
1500000US360290094015,360290094015,"Block Group 5, Census Tract 94.01, Erie County, New York",82198,19659
1500000US360290094021,360290094021,"Block Group 1, Census Tract 94.02, Erie County, New York",70714,16718
1500000US360290094022,360290094022,"Block Group 2, Census Tract 94.02, Erie County, New York",64750,21839
1500000US360290094023,360290094023,"Block Group 3, Census Tract 94.02, Erie County, New York",98487,9686
1500000US360290094024,360290094024,"Block Group 4, Census Tract 94.02, Erie County, New York",90114,37501
1500000US360290095011,360290095011,"Block Group 1, Census Tract 95.01, Erie County, New York",133167,27878
1500000US360290095012,360290095012,"Block Group 2, Census Tract 95.01, Erie County, New York",98620,13756
1500000US360290095013,360290095013,"Block Group 3, Census Tract 95.01, Erie County, New York",76974,25840
1500000US360290095014,360290095014,"Block Group 4, Census Tract 95.01, Erie County, New York",127813,41842
1500000US360290095021,360290095021,"Block Group 1, Census Tract 95.02, Erie County, New York",67813,6067
1500000US360290095022,360290095022,"Block Group 2, Census Tract 95.02, Erie County, New York",65104,20011
1500000US360290095023,360290095023,"Block Group 3, Census Tract 95.02, Erie County, New York",62440,10979
1500000US360290095024,360290095024,"Block Group 4, Census Tract 95.02, Erie County, New York",99886,29729
1500000US360290095025,360290095025,"Block Group 5, Census Tract 95.02, Erie County, New York",58056,34733
1500000US360290096001,360290096001,"Block Group 1, Census Tract 96, Erie County, New York",68630,10000
1500000US360290096002,360290096002,"Block Group 2, Census Tract 96, Erie County, New York",46512,19584
1500000US360290096003,360290096003,"Block Group 3, Census Tract 96, Erie County, New York",46523,10521
1500000US360290097011,360290097011,"Block Group 1, Census Tract 97.01, Erie County, New York",44764,6863
1500000US360290097012,360290097012,"Block Group 2, Census Tract 97.01, Erie County, New York",60547,9551
1500000US360290097021,360290097021,"Block Group 1, Census Tract 97.02, Erie County, New York",50781,11429
1500000US360290097022,360290097022,"Block Group 2, Census Tract 97.02, Erie County, New York",62384,9245
1500000US360290097023,360290097023,"Block Group 3, Census Tract 97.02, Erie County, New York",41180,5327
1500000US360290097024,360290097024,"Block Group 4, Census Tract 97.02, Erie County, New York",41250,11830
1500000US360290098001,360290098001,"Block Group 1, Census Tract 98, Erie County, New York",46131,8670
1500000US360290098002,360290098002,"Block Group 2, Census Tract 98, Erie County, New York",49412,16135
1500000US360290099001,360290099001,"Block Group 1, Census Tract 99, Erie County, New York",45446,9767
1500000US360290099002,360290099002,"Block Group 2, Census Tract 99, Erie County, New York",32759,6506
1500000US360290099003,360290099003,"Block Group 3, Census Tract 99, Erie County, New York",50114,15372
1500000US360290100011,360290100011,"Block Group 1, Census Tract 100.01, Erie County, New York",51633,6921
1500000US360290100012,360290100012,"Block Group 2, Census Tract 100.01, Erie County, New York",52955,9256
1500000US360290100021,360290100021,"Block Group 1, Census Tract 100.02, Erie County, New York",46935,11382
1500000US360290100022,360290100022,"Block Group 2, Census Tract 100.02, Erie County, New York",37386,15611
1500000US360290100023,360290100023,"Block Group 3, Census Tract 100.02, Erie County, New York",37837,9378
1500000US360290100031,360290100031,"Block Group 1, Census Tract 100.03, Erie County, New York",47299,3262
1500000US360290100032,360290100032,"Block Group 2, Census Tract 100.03, Erie County, New York",58058,13004
1500000US360290100033,360290100033,"Block Group 3, Census Tract 100.03, Erie County, New York",31832,7416
1500000US360290101011,360290101011,"Block Group 1, Census Tract 101.01, Erie County, New York",53816,8033
1500000US360290101012,360290101012,"Block Group 2, Census Tract 101.01, Erie County, New York",60306,12544
1500000US360290101013,360290101013,"Block Group 3, Census Tract 101.01, Erie County, New York",61964,17054
1500000US360290101014,360290101014,"Block Group 4, Census Tract 101.01, Erie County, New York",56250,42438
1500000US360290101021,360290101021,"Block Group 1, Census Tract 101.02, Erie County, New York",40563,19117
1500000US360290101022,360290101022,"Block Group 2, Census Tract 101.02, Erie County, New York",30795,10222
1500000US360290101023,360290101023,"Block Group 3, Census Tract 101.02, Erie County, New York",29556,4687
1500000US360290101031,360290101031,"Block Group 1, Census Tract 101.03, Erie County, New York",47695,10507
1500000US360290101032,360290101032,"Block Group 2, Census Tract 101.03, Erie County, New York",65500,36882
1500000US360290101033,360290101033,"Block Group 3, Census Tract 101.03, Erie County, New York",39016,9919
1500000US360290102011,360290102011,"Block Group 1, Census Tract 102.01, Erie County, New York",61667,14282
1500000US360290102012,360290102012,"Block Group 2, Census Tract 102.01, Erie County, New York",67466,11339
1500000US360290102013,360290102013,"Block Group 3, Census Tract 102.01, Erie County, New York",73293,11547
1500000US360290102021,360290102021,"Block Group 1, Census Tract 102.02, Erie County, New York",45521,14268
1500000US360290102022,360290102022,"Block Group 2, Census Tract 102.02, Erie County, New York",78686,18693
1500000US360290102023,360290102023,"Block Group 3, Census Tract 102.02, Erie County, New York",60746,4169
1500000US360290103001,360290103001,"Block Group 1, Census Tract 103, Erie County, New York",28750,15662
1500000US360290103002,360290103002,"Block Group 2, Census Tract 103, Erie County, New York",59271,15392
1500000US360290104001,360290104001,"Block Group 1, Census Tract 104, Erie County, New York",35670,4912
1500000US360290104002,360290104002,"Block Group 2, Census Tract 104, Erie County, New York",34358,4867
1500000US360290105001,360290105001,"Block Group 1, Census Tract 105, Erie County, New York",44632,24256
1500000US360290105002,360290105002,"Block Group 2, Census Tract 105, Erie County, New York",43424,13009
1500000US360290105003,360290105003,"Block Group 3, Census Tract 105, Erie County, New York",36932,13191
1500000US360290106001,360290106001,"Block Group 1, Census Tract 106, Erie County, New York",40185,15220
1500000US360290106002,360290106002,"Block Group 2, Census Tract 106, Erie County, New York",50500,7323
1500000US360290107001,360290107001,"Block Group 1, Census Tract 107, Erie County, New York",59125,19376
1500000US360290107002,360290107002,"Block Group 2, Census Tract 107, Erie County, New York",33889,9677
1500000US360290107003,360290107003,"Block Group 3, Census Tract 107, Erie County, New York",55854,14540
1500000US360290108031,360290108031,"Block Group 1, Census Tract 108.03, Erie County, New York",48000,8918
1500000US360290108032,360290108032,"Block Group 2, Census Tract 108.03, Erie County, New York",45833,15791
1500000US360290108041,360290108041,"Block Group 1, Census Tract 108.04, Erie County, New York",51136,10881
1500000US360290108042,360290108042,"Block Group 2, Census Tract 108.04, Erie County, New York",53113,8354
1500000US360290108051,360290108051,"Block Group 1, Census Tract 108.05, Erie County, New York",61310,15759
1500000US360290108052,360290108052,"Block Group 2, Census Tract 108.05, Erie County, New York",52647,17342
1500000US360290108053,360290108053,"Block Group 3, Census Tract 108.05, Erie County, New York",50794,8173
1500000US360290108071,360290108071,"Block Group 1, Census Tract 108.07, Erie County, New York",50323,4571
1500000US360290108072,360290108072,"Block Group 2, Census Tract 108.07, Erie County, New York",61154,28573
1500000US360290108073,360290108073,"Block Group 3, Census Tract 108.07, Erie County, New York",51291,12445
1500000US360290108074,360290108074,"Block Group 4, Census Tract 108.07, Erie County, New York",43125,22375
1500000US360290108081,360290108081,"Block Group 1, Census Tract 108.08, Erie County, New York",57109,25673
1500000US360290108082,360290108082,"Block Group 2, Census Tract 108.08, Erie County, New York",62500,28255
1500000US360290108083,360290108083,"Block Group 3, Census Tract 108.08, Erie County, New York",44500,13487
1500000US360290108084,360290108084,"Block Group 4, Census Tract 108.08, Erie County, New York",69792,73423
1500000US360290108091,360290108091,"Block Group 1, Census Tract 108.09, Erie County, New York",65917,7253
1500000US360290108092,360290108092,"Block Group 2, Census Tract 108.09, Erie County, New York",72470,11324
1500000US360290109011,360290109011,"Block Group 1, Census Tract 109.01, Erie County, New York",56573,24754
1500000US360290109012,360290109012,"Block Group 2, Census Tract 109.01, Erie County, New York",50809,11088
1500000US360290109013,360290109013,"Block Group 3, Census Tract 109.01, Erie County, New York",41250,17682
1500000US360290109021,360290109021,"Block Group 1, Census Tract 109.02, Erie County, New York",35417,20150
1500000US360290109022,360290109022,"Block Group 2, Census Tract 109.02, Erie County, New York",29618,3287
1500000US360290109023,360290109023,"Block Group 3, Census Tract 109.02, Erie County, New York",47708,21591
1500000US360290109024,360290109024,"Block Group 4, Census Tract 109.02, Erie County, New York",25337,9375
1500000US360290110001,360290110001,"Block Group 1, Census Tract 110, Erie County, New York",64737,12447
1500000US360290110002,360290110002,"Block Group 2, Census Tract 110, Erie County, New York",43750,18322
1500000US360290110003,360290110003,"Block Group 3, Census Tract 110, Erie County, New York",25556,7941
1500000US360290111001,360290111001,"Block Group 1, Census Tract 111, Erie County, New York",48750,10187
1500000US360290111002,360290111002,"Block Group 2, Census Tract 111, Erie County, New York",46750,12584
1500000US360290112001,360290112001,"Block Group 1, Census Tract 112, Erie County, New York",46040,3848
1500000US360290112002,360290112002,"Block Group 2, Census Tract 112, Erie County, New York",78994,20234
1500000US360290112003,360290112003,"Block Group 3, Census Tract 112, Erie County, New York",57083,8745
1500000US360290112004,360290112004,"Block Group 4, Census Tract 112, Erie County, New York",82356,49239
1500000US360290113001,360290113001,"Block Group 1, Census Tract 113, Erie County, New York",51055,13844
1500000US360290113002,360290113002,"Block Group 2, Census Tract 113, Erie County, New York",77757,39696
1500000US360290113003,360290113003,"Block Group 3, Census Tract 113, Erie County, New York",55583,9218
1500000US360290114001,360290114001,"Block Group 1, Census Tract 114, Erie County, New York",50375,12836
1500000US360290114002,360290114002,"Block Group 2, Census Tract 114, Erie County, New York",42292,14015
1500000US360290115001,360290115001,"Block Group 1, Census Tract 115, Erie County, New York",46250,13512
1500000US360290115002,360290115002,"Block Group 2, Census Tract 115, Erie County, New York",39806,14094
1500000US360290116001,360290116001,"Block Group 1, Census Tract 116, Erie County, New York",43281,5039
1500000US360290116002,360290116002,"Block Group 2, Census Tract 116, Erie County, New York",58269,6531
1500000US360290117001,360290117001,"Block Group 1, Census Tract 117, Erie County, New York",51838,16906
1500000US360290117002,360290117002,"Block Group 2, Census Tract 117, Erie County, New York",62969,18717
1500000US360290117003,360290117003,"Block Group 3, Census Tract 117, Erie County, New York",43542,8896
1500000US360290118001,360290118001,"Block Group 1, Census Tract 118, Erie County, New York",44050,9478
1500000US360290118002,360290118002,"Block Group 2, Census Tract 118, Erie County, New York",51875,6225
1500000US360290118003,360290118003,"Block Group 3, Census Tract 118, Erie County, New York",44167,14296
1500000US360290120011,360290120011,"Block Group 1, Census Tract 120.01, Erie County, New York",59821,7897
1500000US360290120012,360290120012,"Block Group 2, Census Tract 120.01, Erie County, New York",54914,3420
1500000US360290120013,360290120013,"Block Group 3, Census Tract 120.01, Erie County, New York",76313,10190
1500000US360290120021,360290120021,"Block Group 1, Census Tract 120.02, Erie County, New York",57500,19867
1500000US360290120022,360290120022,"Block Group 2, Census Tract 120.02, Erie County, New York",72237,10119
1500000US360290120031,360290120031,"Block Group 1, Census Tract 120.03, Erie County, New York",70025,9968
1500000US360290120032,360290120032,"Block Group 2, Census Tract 120.03, Erie County, New York",67807,5545
1500000US360290123001,360290123001,"Block Group 1, Census Tract 123, Erie County, New York",21615,7634
1500000US360290123002,360290123002,"Block Group 2, Census Tract 123, Erie County, New York",40156,18099
1500000US360290123003,360290123003,"Block Group 3, Census Tract 123, Erie County, New York",26442,16344
1500000US360290123004,360290123004,"Block Group 4, Census Tract 123, Erie County, New York",53224,11172
1500000US360290124001,360290124001,"Block Group 1, Census Tract 124, Erie County, New York",43831,8853
1500000US360290124002,360290124002,"Block Group 2, Census Tract 124, Erie County, New York",24818,8423
1500000US360290125011,360290125011,"Block Group 1, Census Tract 125.01, Erie County, New York",30400,3508
1500000US360290125012,360290125012,"Block Group 2, Census Tract 125.01, Erie County, New York",65089,12821
1500000US360290125013,360290125013,"Block Group 3, Census Tract 125.01, Erie County, New York",43560,6674
1500000US360290125014,360290125014,"Block Group 4, Census Tract 125.01, Erie County, New York",70521,64988
1500000US360290125015,360290125015,"Block Group 5, Census Tract 125.01, Erie County, New York",52560,23562
1500000US360290125021,360290125021,"Block Group 1, Census Tract 125.02, Erie County, New York",55926,16405
1500000US360290125022,360290125022,"Block Group 2, Census Tract 125.02, Erie County, New York",39000,5575
1500000US360290128001,360290128001,"Block Group 1, Census Tract 128, Erie County, New York",43036,13082
1500000US360290128002,360290128002,"Block Group 2, Census Tract 128, Erie County, New York",36250,5214
1500000US360290128003,360290128003,"Block Group 3, Census Tract 128, Erie County, New York",56591,20844
1500000US360290129011,360290129011,"Block Group 1, Census Tract 129.01, Erie County, New York",58668,6866
1500000US360290129012,360290129012,"Block Group 2, Census Tract 129.01, Erie County, New York",44750,12052
1500000US360290129013,360290129013,"Block Group 3, Census Tract 129.01, Erie County, New York",60694,14778
1500000US360290129014,360290129014,"Block Group 4, Census Tract 129.01, Erie County, New York",57708,11376
1500000US360290129015,360290129015,"Block Group 5, Census Tract 129.01, Erie County, New York",44441,11252
1500000US360290129021,360290129021,"Block Group 1, Census Tract 129.02, Erie County, New York",75531,9364
1500000US360290129022,360290129022,"Block Group 2, Census Tract 129.02, Erie County, New York",42292,12502
1500000US360290130011,360290130011,"Block Group 1, Census Tract 130.01, Erie County, New York",46607,5492
1500000US360290130012,360290130012,"Block Group 2, Census Tract 130.01, Erie County, New York",41369,15177
1500000US360290130013,360290130013,"Block Group 3, Census Tract 130.01, Erie County, New York",58125,7889
1500000US360290130014,360290130014,"Block Group 4, Census Tract 130.01, Erie County, New York",43571,23966
1500000US360290130021,360290130021,"Block Group 1, Census Tract 130.02, Erie County, New York",53088,10251
1500000US360290130022,360290130022,"Block Group 2, Census Tract 130.02, Erie County, New York",79113,15856
1500000US360290130023,360290130023,"Block Group 3, Census Tract 130.02, Erie County, New York",35192,10856
1500000US360290131011,360290131011,"Block Group 1, Census Tract 131.01, Erie County, New York",96103,12226
1500000US360290131012,360290131012,"Block Group 2, Census Tract 131.01, Erie County, New York",45298,7499
1500000US360290131013,360290131013,"Block Group 3, Census Tract 131.01, Erie County, New York",41106,24321
1500000US360290131014,360290131014,"Block Group 4, Census Tract 131.01, Erie County, New York",41111,23847
1500000US360290131015,360290131015,"Block Group 5, Census Tract 131.01, Erie County, New York",93462,41580
1500000US360290131021,360290131021,"Block Group 1, Census Tract 131.02, Erie County, New York",91815,7089
1500000US360290131022,360290131022,"Block Group 2, Census Tract 131.02, Erie County, New York",92656,8431
1500000US360290131023,360290131023,"Block Group 3, Census Tract 131.02, Erie County, New York",63505,7059
1500000US360290131024,360290131024,"Block Group 4, Census Tract 131.02, Erie County, New York",102434,43809
1500000US360290131025,360290131025,"Block Group 5, Census Tract 131.02, Erie County, New York",82946,13997
1500000US360290132011,360290132011,"Block Group 1, Census Tract 132.01, Erie County, New York",50912,10063
1500000US360290132012,360290132012,"Block Group 2, Census Tract 132.01, Erie County, New York",69094,21775
1500000US360290132013,360290132013,"Block Group 3, Census Tract 132.01, Erie County, New York",50951,12785
1500000US360290132021,360290132021,"Block Group 1, Census Tract 132.02, Erie County, New York",72279,14622
1500000US360290132022,360290132022,"Block Group 2, Census Tract 132.02, Erie County, New York",101587,9772
1500000US360290133001,360290133001,"Block Group 1, Census Tract 133, Erie County, New York",69000,19389
1500000US360290133002,360290133002,"Block Group 2, Census Tract 133, Erie County, New York",30039,6149
1500000US360290133003,360290133003,"Block Group 3, Census Tract 133, Erie County, New York",51364,22054
1500000US360290133004,360290133004,"Block Group 4, Census Tract 133, Erie County, New York",75893,7813
1500000US360290134001,360290134001,"Block Group 1, Census Tract 134, Erie County, New York",94167,13497
1500000US360290134002,360290134002,"Block Group 2, Census Tract 134, Erie County, New York",57441,40232
1500000US360290134003,360290134003,"Block Group 3, Census Tract 134, Erie County, New York",45000,18230
1500000US360290134004,360290134004,"Block Group 4, Census Tract 134, Erie County, New York",75573,31304
1500000US360290134005,360290134005,"Block Group 5, Census Tract 134, Erie County, New York",78824,20475
1500000US360290135011,360290135011,"Block Group 1, Census Tract 135.01, Erie County, New York",70161,17721
1500000US360290135012,360290135012,"Block Group 2, Census Tract 135.01, Erie County, New York",59848,26554
1500000US360290135013,360290135013,"Block Group 3, Census Tract 135.01, Erie County, New York",60100,14626
1500000US360290135021,360290135021,"Block Group 1, Census Tract 135.02, Erie County, New York",126326,24232
1500000US360290135022,360290135022,"Block Group 2, Census Tract 135.02, Erie County, New York",156724,28876
1500000US360290135023,360290135023,"Block Group 3, Census Tract 135.02, Erie County, New York",146491,27692
1500000US360290135024,360290135024,"Block Group 4, Census Tract 135.02, Erie County, New York",84936,49594
1500000US360290136001,360290136001,"Block Group 1, Census Tract 136, Erie County, New York",72639,32701
1500000US360290136002,360290136002,"Block Group 2, Census Tract 136, Erie County, New York",83750,33221
1500000US360290136003,360290136003,"Block Group 3, Census Tract 136, Erie County, New York",77786,20656
1500000US360290137011,360290137011,"Block Group 1, Census Tract 137.01, Erie County, New York",75938,51598
1500000US360290137012,360290137012,"Block Group 2, Census Tract 137.01, Erie County, New York",54643,13340
1500000US360290137013,360290137013,"Block Group 3, Census Tract 137.01, Erie County, New York",48125,6947
1500000US360290137014,360290137014,"Block Group 4, Census Tract 137.01, Erie County, New York",74509,12323
1500000US360290137021,360290137021,"Block Group 1, Census Tract 137.02, Erie County, New York",110875,24083
1500000US360290137022,360290137022,"Block Group 2, Census Tract 137.02, Erie County, New York",61434,16284
1500000US360290138001,360290138001,"Block Group 1, Census Tract 138, Erie County, New York",72143,19263
1500000US360290138002,360290138002,"Block Group 2, Census Tract 138, Erie County, New York",77596,38430
1500000US360290138003,360290138003,"Block Group 3, Census Tract 138, Erie County, New York",69705,16183
1500000US360290138004,360290138004,"Block Group 4, Census Tract 138, Erie County, New York",75089,72997
1500000US360290138005,360290138005,"Block Group 5, Census Tract 138, Erie County, New York",95729,13428
1500000US360290139001,360290139001,"Block Group 1, Census Tract 139, Erie County, New York",66786,6027
1500000US360290140001,360290140001,"Block Group 1, Census Tract 140, Erie County, New York",70962,19600
1500000US360290140002,360290140002,"Block Group 2, Census Tract 140, Erie County, New York",63426,9714
1500000US360290141011,360290141011,"Block Group 1, Census Tract 141.01, Erie County, New York",70804,27792
1500000US360290141012,360290141012,"Block Group 2, Census Tract 141.01, Erie County, New York",83611,23920
1500000US360290141013,360290141013,"Block Group 3, Census Tract 141.01, Erie County, New York",70491,15038
1500000US360290141021,360290141021,"Block Group 1, Census Tract 141.02, Erie County, New York",68594,20852
1500000US360290141022,360290141022,"Block Group 2, Census Tract 141.02, Erie County, New York",77883,11072
1500000US360290142041,360290142041,"Block Group 1, Census Tract 142.04, Erie County, New York",55882,5610
1500000US360290142042,360290142042,"Block Group 2, Census Tract 142.04, Erie County, New York",54847,14832
1500000US360290142061,360290142061,"Block Group 1, Census Tract 142.06, Erie County, New York",130747,7129
1500000US360290142062,360290142062,"Block Group 2, Census Tract 142.06, Erie County, New York",121630,19533
1500000US360290142063,360290142063,"Block Group 3, Census Tract 142.06, Erie County, New York",80078,30194
1500000US360290142071,360290142071,"Block Group 1, Census Tract 142.07, Erie County, New York",64167,9755
1500000US360290142072,360290142072,"Block Group 2, Census Tract 142.07, Erie County, New York",89722,13835
1500000US360290142073,360290142073,"Block Group 3, Census Tract 142.07, Erie County, New York",61012,10803
1500000US360290142081,360290142081,"Block Group 1, Census Tract 142.08, Erie County, New York",63958,24628
1500000US360290142082,360290142082,"Block Group 2, Census Tract 142.08, Erie County, New York",101042,28930
1500000US360290142083,360290142083,"Block Group 3, Census Tract 142.08, Erie County, New York",113278,8923
1500000US360290142091,360290142091,"Block Group 1, Census Tract 142.09, Erie County, New York",53971,23486
1500000US360290142092,360290142092,"Block Group 2, Census Tract 142.09, Erie County, New York",93288,9278
1500000US360290142093,360290142093,"Block Group 3, Census Tract 142.09, Erie County, New York",96250,19339
1500000US360290143001,360290143001,"Block Group 1, Census Tract 143, Erie County, New York",68594,62252
1500000US360290143002,360290143002,"Block Group 2, Census Tract 143, Erie County, New York",53068,27051
1500000US360290143003,360290143003,"Block Group 3, Census Tract 143, Erie County, New York",55556,10576
1500000US360290143004,360290143004,"Block Group 4, Census Tract 143, Erie County, New York",58200,15472
1500000US360290143005,360290143005,"Block Group 5, Census Tract 143, Erie County, New York",75400,33653
1500000US360290144001,360290144001,"Block Group 1, Census Tract 144, Erie County, New York",30081,6501
1500000US360290144002,360290144002,"Block Group 2, Census Tract 144, Erie County, New York",76413,14839
1500000US360290144003,360290144003,"Block Group 3, Census Tract 144, Erie County, New York",48942,26177
1500000US360290144004,360290144004,"Block Group 4, Census Tract 144, Erie County, New York",46344,9630
1500000US360290145011,360290145011,"Block Group 1, Census Tract 145.01, Erie County, New York",57731,10792
1500000US360290145012,360290145012,"Block Group 2, Census Tract 145.01, Erie County, New York",55610,5731
1500000US360290145021,360290145021,"Block Group 1, Census Tract 145.02, Erie County, New York",27778,14038
1500000US360290145022,360290145022,"Block Group 2, Census Tract 145.02, Erie County, New York",37218,7532
1500000US360290146011,360290146011,"Block Group 1, Census Tract 146.01, Erie County, New York",46389,8299
1500000US360290146012,360290146012,"Block Group 2, Census Tract 146.01, Erie County, New York",84719,12964
1500000US360290146013,360290146013,"Block Group 3, Census Tract 146.01, Erie County, New York",110208,36811
1500000US360290146014,360290146014,"Block Group 4, Census Tract 146.01, Erie County, New York",46875,15705
1500000US360290146031,360290146031,"Block Group 1, Census Tract 146.03, Erie County, New York",91744,18516
1500000US360290146032,360290146032,"Block Group 2, Census Tract 146.03, Erie County, New York",106618,17802
1500000US360290146033,360290146033,"Block Group 3, Census Tract 146.03, Erie County, New York",98125,41778
1500000US360290146041,360290146041,"Block Group 1, Census Tract 146.04, Erie County, New York",118537,15859
1500000US360290146042,360290146042,"Block Group 2, Census Tract 146.04, Erie County, New York",91250,15356
1500000US360290146043,360290146043,"Block Group 3, Census Tract 146.04, Erie County, New York",131719,40538
1500000US360290146044,360290146044,"Block Group 4, Census Tract 146.04, Erie County, New York",71667,40534
1500000US360290147011,360290147011,"Block Group 1, Census Tract 147.01, Erie County, New York",63846,11585
1500000US360290147012,360290147012,"Block Group 2, Census Tract 147.01, Erie County, New York",128864,31179
1500000US360290147013,360290147013,"Block Group 3, Census Tract 147.01, Erie County, New York",81477,14550
1500000US360290147021,360290147021,"Block Group 1, Census Tract 147.02, Erie County, New York",50000,32934
1500000US360290147022,360290147022,"Block Group 2, Census Tract 147.02, Erie County, New York",68384,32609
1500000US360290147023,360290147023,"Block Group 3, Census Tract 147.02, Erie County, New York",126333,14744
1500000US360290147024,360290147024,"Block Group 4, Census Tract 147.02, Erie County, New York",48882,17111
1500000US360290147025,360290147025,"Block Group 5, Census Tract 147.02, Erie County, New York",101875,19987
1500000US360290148011,360290148011,"Block Group 1, Census Tract 148.01, Erie County, New York",60114,15501
1500000US360290148012,360290148012,"Block Group 2, Census Tract 148.01, Erie County, New York",40000,5348
1500000US360290148031,360290148031,"Block Group 1, Census Tract 148.03, Erie County, New York",55682,52137
1500000US360290148032,360290148032,"Block Group 2, Census Tract 148.03, Erie County, New York",66250,26566
1500000US360290148033,360290148033,"Block Group 3, Census Tract 148.03, Erie County, New York",64531,23821
1500000US360290148034,360290148034,"Block Group 4, Census Tract 148.03, Erie County, New York",48529,8097
1500000US360290149011,360290149011,"Block Group 1, Census Tract 149.01, Erie County, New York",53191,3745
1500000US360290149012,360290149012,"Block Group 2, Census Tract 149.01, Erie County, New York",46346,4446
1500000US360290149031,360290149031,"Block Group 1, Census Tract 149.03, Erie County, New York",59643,11706
1500000US360290149032,360290149032,"Block Group 2, Census Tract 149.03, Erie County, New York",76750,13625
1500000US360290149033,360290149033,"Block Group 3, Census Tract 149.03, Erie County, New York",60791,12598
1500000US360290149034,360290149034,"Block Group 4, Census Tract 149.03, Erie County, New York",49286,43641
1500000US360290149041,360290149041,"Block Group 1, Census Tract 149.04, Erie County, New York",-,**
1500000US360290150011,360290150011,"Block Group 1, Census Tract 150.01, Erie County, New York",63550,14630
1500000US360290150012,360290150012,"Block Group 2, Census Tract 150.01, Erie County, New York",90263,11088
1500000US360290150013,360290150013,"Block Group 3, Census Tract 150.01, Erie County, New York",58456,34036
1500000US360290150021,360290150021,"Block Group 1, Census Tract 150.02, Erie County, New York",60431,6694
1500000US360290150022,360290150022,"Block Group 2, Census Tract 150.02, Erie County, New York",61477,23051
1500000US360290150031,360290150031,"Block Group 1, Census Tract 150.03, Erie County, New York",57234,11091
1500000US360290150032,360290150032,"Block Group 2, Census Tract 150.03, Erie County, New York",61154,23109
1500000US360290151011,360290151011,"Block Group 1, Census Tract 151.01, Erie County, New York",72639,24711
1500000US360290151012,360290151012,"Block Group 2, Census Tract 151.01, Erie County, New York",100667,23607
1500000US360290151013,360290151013,"Block Group 3, Census Tract 151.01, Erie County, New York",106731,51612
1500000US360290151021,360290151021,"Block Group 1, Census Tract 151.02, Erie County, New York",63250,4419
1500000US360290151022,360290151022,"Block Group 2, Census Tract 151.02, Erie County, New York",51591,7822
1500000US360290152011,360290152011,"Block Group 1, Census Tract 152.01, Erie County, New York",108446,20824
1500000US360290152012,360290152012,"Block Group 2, Census Tract 152.01, Erie County, New York",83750,17005
1500000US360290152021,360290152021,"Block Group 1, Census Tract 152.02, Erie County, New York",68358,13316
1500000US360290152022,360290152022,"Block Group 2, Census Tract 152.02, Erie County, New York",40915,7583
1500000US360290152023,360290152023,"Block Group 3, Census Tract 152.02, Erie County, New York",66944,16928
1500000US360290153011,360290153011,"Block Group 1, Census Tract 153.01, Erie County, New York",48512,23904
1500000US360290153012,360290153012,"Block Group 2, Census Tract 153.01, Erie County, New York",59063,14874
1500000US360290153013,360290153013,"Block Group 3, Census Tract 153.01, Erie County, New York",73224,15269
1500000US360290153021,360290153021,"Block Group 1, Census Tract 153.02, Erie County, New York",59286,30944
1500000US360290153022,360290153022,"Block Group 2, Census Tract 153.02, Erie County, New York",60800,9697
1500000US360290153023,360290153023,"Block Group 3, Census Tract 153.02, Erie County, New York",45968,11841
1500000US360290154011,360290154011,"Block Group 1, Census Tract 154.01, Erie County, New York",62656,14244
1500000US360290154012,360290154012,"Block Group 2, Census Tract 154.01, Erie County, New York",57650,6760
1500000US360290154021,360290154021,"Block Group 1, Census Tract 154.02, Erie County, New York",72313,12815
1500000US360290154022,360290154022,"Block Group 2, Census Tract 154.02, Erie County, New York",79688,57041
1500000US360290154023,360290154023,"Block Group 3, Census Tract 154.02, Erie County, New York",69916,13264
1500000US360290154024,360290154024,"Block Group 4, Census Tract 154.02, Erie County, New York",48843,22107
1500000US360290155011,360290155011,"Block Group 1, Census Tract 155.01, Erie County, New York",56964,10957
1500000US360290155031,360290155031,"Block Group 1, Census Tract 155.03, Erie County, New York",50152,14627
1500000US360290155032,360290155032,"Block Group 2, Census Tract 155.03, Erie County, New York",36406,16190
1500000US360290155041,360290155041,"Block Group 1, Census Tract 155.04, Erie County, New York",60573,6816
1500000US360290155042,360290155042,"Block Group 2, Census Tract 155.04, Erie County, New York",68778,11702
1500000US360290155043,360290155043,"Block Group 3, Census Tract 155.04, Erie County, New York",58942,18311
1500000US360290155044,360290155044,"Block Group 4, Census Tract 155.04, Erie County, New York",52260,17482
1500000US360290156001,360290156001,"Block Group 1, Census Tract 156, Erie County, New York",63438,8038
1500000US360290156002,360290156002,"Block Group 2, Census Tract 156, Erie County, New York",54904,22136
1500000US360290157001,360290157001,"Block Group 1, Census Tract 157, Erie County, New York",61932,14505
1500000US360290157002,360290157002,"Block Group 2, Census Tract 157, Erie County, New York",66964,34624
1500000US360290157003,360290157003,"Block Group 3, Census Tract 157, Erie County, New York",51500,17021
1500000US360290157004,360290157004,"Block Group 4, Census Tract 157, Erie County, New York",56071,10657
1500000US360290158001,360290158001,"Block Group 1, Census Tract 158, Erie County, New York",57944,8756
1500000US360290158002,360290158002,"Block Group 2, Census Tract 158, Erie County, New York",45882,10119
1500000US360290159001,360290159001,"Block Group 1, Census Tract 159, Erie County, New York",46887,5303
1500000US360290159002,360290159002,"Block Group 2, Census Tract 159, Erie County, New York",52455,9881
1500000US360290161001,360290161001,"Block Group 1, Census Tract 161, Erie County, New York",-,**
1500000US360290162001,360290162001,"Block Group 1, Census Tract 162, Erie County, New York",32700,8933
1500000US360290162002,360290162002,"Block Group 2, Census Tract 162, Erie County, New York",37165,21446
1500000US360290163001,360290163001,"Block Group 1, Census Tract 163, Erie County, New York",22716,9141
1500000US360290163002,360290163002,"Block Group 2, Census Tract 163, Erie County, New York",26250,31812
1500000US360290163003,360290163003,"Block Group 3, Census Tract 163, Erie County, New York",34231,8887
1500000US360290164001,360290164001,"Block Group 1, Census Tract 164, Erie County, New York",12420,6286
1500000US360290164002,360290164002,"Block Group 2, Census Tract 164, Erie County, New York",21382,7932
1500000US360290164003,360290164003,"Block Group 3, Census Tract 164, Erie County, New York",22292,22718
1500000US360290164004,360290164004,"Block Group 4, Census Tract 164, Erie County, New York",26295,4982
1500000US360290165001,360290165001,"Block Group 1, Census Tract 165, Erie County, New York",21786,30251
1500000US360290166001,360290166001,"Block Group 1, Census Tract 166, Erie County, New York",27500,7379
1500000US360290166002,360290166002,"Block Group 2, Census Tract 166, Erie County, New York",13650,2597
1500000US360290166003,360290166003,"Block Group 3, Census Tract 166, Erie County, New York",26300,6599
1500000US360290166004,360290166004,"Block Group 4, Census Tract 166, Erie County, New York",28094,10907
1500000US360290167001,360290167001,"Block Group 1, Census Tract 167, Erie County, New York",26563,13585
1500000US360290167002,360290167002,"Block Group 2, Census Tract 167, Erie County, New York",35700,15532
1500000US360290167003,360290167003,"Block Group 3, Census Tract 167, Erie County, New York",45938,14412
1500000US360290168001,360290168001,"Block Group 1, Census Tract 168, Erie County, New York",16500,8283
1500000US360290168002,360290168002,"Block Group 2, Census Tract 168, Erie County, New York",21000,10079
1500000US360290168003,360290168003,"Block Group 3, Census Tract 168, Erie County, New York",18182,16893
1500000US360290168004,360290168004,"Block Group 4, Census Tract 168, Erie County, New York",26722,5265
1500000US360290169001,360290169001,"Block Group 1, Census Tract 169, Erie County, New York",92635,34888
1500000US360290169002,360290169002,"Block Group 2, Census Tract 169, Erie County, New York",44419,12410
1500000US360290169003,360290169003,"Block Group 3, Census Tract 169, Erie County, New York",38914,18378
1500000US360290169004,360290169004,"Block Group 4, Census Tract 169, Erie County, New York",27262,3901
1500000US360290170001,360290170001,"Block Group 1, Census Tract 170, Erie County, New York",24471,13647
1500000US360290170002,360290170002,"Block Group 2, Census Tract 170, Erie County, New York",28776,4025
1500000US360290171001,360290171001,"Block Group 1, Census Tract 171, Erie County, New York",17196,3396
1500000US360290171002,360290171002,"Block Group 2, Census Tract 171, Erie County, New York",24349,8237
1500000US360290171003,360290171003,"Block Group 3, Census Tract 171, Erie County, New York",17847,10594
1500000US360290171004,360290171004,"Block Group 4, Census Tract 171, Erie County, New York",43819,16872
1500000US360290171005,360290171005,"Block Group 5, Census Tract 171, Erie County, New York",23750,17411
1500000US360290172001,360290172001,"Block Group 1, Census Tract 172, Erie County, New York",54219,9183
1500000US360290172002,360290172002,"Block Group 2, Census Tract 172, Erie County, New York",30357,9891
1500000US360290172003,360290172003,"Block Group 3, Census Tract 172, Erie County, New York",38889,7862
1500000US360290173001,360290173001,"Block Group 1, Census Tract 173, Erie County, New York",83091,11338
1500000US360290173002,360290173002,"Block Group 2, Census Tract 173, Erie County, New York",53077,18131
1500000US360290173003,360290173003,"Block Group 3, Census Tract 173, Erie County, New York",79618,8581
1500000US360290173004,360290173004,"Block Group 4, Census Tract 173, Erie County, New York",63086,21549
1500000US360290174001,360290174001,"Block Group 1, Census Tract 174, Erie County, New York",25250,18436
1500000US360290174002,360290174002,"Block Group 2, Census Tract 174, Erie County, New York",31711,10101
1500000US360290174003,360290174003,"Block Group 3, Census Tract 174, Erie County, New York",14423,4009
1500000US360290174004,360290174004,"Block Group 4, Census Tract 174, Erie County, New York",15257,4776
1500000US360290175011,360290175011,"Block Group 1, Census Tract 175.01, Erie County, New York",29750,25821
1500000US360290175012,360290175012,"Block Group 2, Census Tract 175.01, Erie County, New York",40000,20778
1500000US360290175021,360290175021,"Block Group 1, Census Tract 175.02, Erie County, New York",61458,5333
1500000US360290175022,360290175022,"Block Group 2, Census Tract 175.02, Erie County, New York",54643,14244
1500000US360299400001,360299400001,"Block Group 1, Census Tract 9400, Erie County, New York",39044,11014
1500000US360299400002,360299400002,"Block Group 2, Census Tract 9400, Erie County, New York",42578,11112
1500000US360299401001,360299401001,"Block Group 1, Census Tract 9401, Erie County, New York",-,**
1500000US360299900000,360299900000,"Block Group 0, Census Tract 9900, Erie County, New York",-,**
