GEO.id,GEO.id2,GEO.display-label,HD01_VD01,HD02_VD01
Id,Id2,Geography,Estimate; Median household income in the past 12 months (in 2014 Inflation-adjusted dollars),Margin of Error; Median household income in the past 12 months (in 2014 Inflation-adjusted dollars)
1500000US360290001101,360290001101,"Block Group 1, Census Tract 1.10, Erie County, New York",43477,11471
1500000US360290001102,360290001102,"Block Group 2, Census Tract 1.10, Erie County, New York",-,**
1500000US360290001103,360290001103,"Block Group 3, Census Tract 1.10, Erie County, New York",35250,36301
1500000US360290001104,360290001104,"Block Group 4, Census Tract 1.10, Erie County, New York",35833,12902
1500000US360290002001,360290002001,"Block Group 1, Census Tract 2, Erie County, New York",36172,10565
1500000US360290002002,360290002002,"Block Group 2, Census Tract 2, Erie County, New York",22302,15784
1500000US360290002003,360290002003,"Block Group 3, Census Tract 2, Erie County, New York",33788,9323
1500000US360290002004,360290002004,"Block Group 4, Census Tract 2, Erie County, New York",28186,2482
1500000US360290005001,360290005001,"Block Group 1, Census Tract 5, Erie County, New York",30714,12926
1500000US360290005002,360290005002,"Block Group 2, Census Tract 5, Erie County, New York",43125,25679
1500000US360290006001,360290006001,"Block Group 1, Census Tract 6, Erie County, New York",41618,16569
1500000US360290006002,360290006002,"Block Group 2, Census Tract 6, Erie County, New York",61563,18235
1500000US360290006003,360290006003,"Block Group 3, Census Tract 6, Erie County, New York",48077,25605
1500000US360290006004,360290006004,"Block Group 4, Census Tract 6, Erie County, New York",26064,12831
1500000US360290007001,360290007001,"Block Group 1, Census Tract 7, Erie County, New York",107125,41039
1500000US360290007002,360290007002,"Block Group 2, Census Tract 7, Erie County, New York",35156,28718
1500000US360290007003,360290007003,"Block Group 3, Census Tract 7, Erie County, New York",67607,7027
1500000US360290007004,360290007004,"Block Group 4, Census Tract 7, Erie County, New York",52566,18950
1500000US360290007005,360290007005,"Block Group 5, Census Tract 7, Erie County, New York",78281,36888
1500000US360290008001,360290008001,"Block Group 1, Census Tract 8, Erie County, New York",62697,28076
1500000US360290008002,360290008002,"Block Group 2, Census Tract 8, Erie County, New York",39079,12500
1500000US360290008003,360290008003,"Block Group 3, Census Tract 8, Erie County, New York",46731,9618
1500000US360290008004,360290008004,"Block Group 4, Census Tract 8, Erie County, New York",54844,43871
1500000US360290009001,360290009001,"Block Group 1, Census Tract 9, Erie County, New York",41667,19470
1500000US360290009002,360290009002,"Block Group 2, Census Tract 9, Erie County, New York",48429,14140
1500000US360290009003,360290009003,"Block Group 3, Census Tract 9, Erie County, New York",47440,10124
1500000US360290010001,360290010001,"Block Group 1, Census Tract 10, Erie County, New York",36935,14130
1500000US360290010002,360290010002,"Block Group 2, Census Tract 10, Erie County, New York",56361,16392
1500000US360290010003,360290010003,"Block Group 3, Census Tract 10, Erie County, New York",50625,27777
1500000US360290010004,360290010004,"Block Group 4, Census Tract 10, Erie County, New York",39515,16298
1500000US360290010005,360290010005,"Block Group 5, Census Tract 10, Erie County, New York",41741,13886
1500000US360290011001,360290011001,"Block Group 1, Census Tract 11, Erie County, New York",32024,11120
1500000US360290011002,360290011002,"Block Group 2, Census Tract 11, Erie County, New York",36944,22907
1500000US360290011003,360290011003,"Block Group 3, Census Tract 11, Erie County, New York",24539,10118
1500000US360290014021,360290014021,"Block Group 1, Census Tract 14.02, Erie County, New York",17150,7888
1500000US360290014022,360290014022,"Block Group 2, Census Tract 14.02, Erie County, New York",11950,5181
1500000US360290014023,360290014023,"Block Group 3, Census Tract 14.02, Erie County, New York",27694,6543
1500000US360290014024,360290014024,"Block Group 4, Census Tract 14.02, Erie County, New York",42917,23401
1500000US360290015001,360290015001,"Block Group 1, Census Tract 15, Erie County, New York",33194,22684
1500000US360290015002,360290015002,"Block Group 2, Census Tract 15, Erie County, New York",20395,8651
1500000US360290016001,360290016001,"Block Group 1, Census Tract 16, Erie County, New York",12500,8120
1500000US360290016002,360290016002,"Block Group 2, Census Tract 16, Erie County, New York",17589,4234
1500000US360290016003,360290016003,"Block Group 3, Census Tract 16, Erie County, New York",6842,2430
1500000US360290016004,360290016004,"Block Group 4, Census Tract 16, Erie County, New York",11198,4419
1500000US360290017001,360290017001,"Block Group 1, Census Tract 17, Erie County, New York",16429,3295
1500000US360290017002,360290017002,"Block Group 2, Census Tract 17, Erie County, New York",31121,6795
1500000US360290019001,360290019001,"Block Group 1, Census Tract 19, Erie County, New York",47650,19182
1500000US360290019002,360290019002,"Block Group 2, Census Tract 19, Erie County, New York",40301,7357
1500000US360290019003,360290019003,"Block Group 3, Census Tract 19, Erie County, New York",44350,9129
1500000US360290023001,360290023001,"Block Group 1, Census Tract 23, Erie County, New York",34167,14988
1500000US360290023002,360290023002,"Block Group 2, Census Tract 23, Erie County, New York",30244,4488
1500000US360290023003,360290023003,"Block Group 3, Census Tract 23, Erie County, New York",22740,15426
1500000US360290023004,360290023004,"Block Group 4, Census Tract 23, Erie County, New York",18850,6796
1500000US360290024001,360290024001,"Block Group 1, Census Tract 24, Erie County, New York",16607,16940
1500000US360290024002,360290024002,"Block Group 2, Census Tract 24, Erie County, New York","2,500-",***
1500000US360290024003,360290024003,"Block Group 3, Census Tract 24, Erie County, New York",38229,4261
1500000US360290024004,360290024004,"Block Group 4, Census Tract 24, Erie County, New York",24210,13754
1500000US360290024005,360290024005,"Block Group 5, Census Tract 24, Erie County, New York",34107,9906
1500000US360290024006,360290024006,"Block Group 6, Census Tract 24, Erie County, New York",31012,8592
1500000US360290025021,360290025021,"Block Group 1, Census Tract 25.02, Erie County, New York",23906,10370
1500000US360290025022,360290025022,"Block Group 2, Census Tract 25.02, Erie County, New York",37625,8528
1500000US360290027021,360290027021,"Block Group 1, Census Tract 27.02, Erie County, New York",29625,20443
1500000US360290027022,360290027022,"Block Group 2, Census Tract 27.02, Erie County, New York",14671,4602
1500000US360290027023,360290027023,"Block Group 3, Census Tract 27.02, Erie County, New York",14337,7233
1500000US360290027024,360290027024,"Block Group 4, Census Tract 27.02, Erie County, New York",15104,6756
1500000US360290028001,360290028001,"Block Group 1, Census Tract 28, Erie County, New York",21174,3571
1500000US360290028002,360290028002,"Block Group 2, Census Tract 28, Erie County, New York",14474,21077
1500000US360290028003,360290028003,"Block Group 3, Census Tract 28, Erie County, New York",30375,23863
1500000US360290028004,360290028004,"Block Group 4, Census Tract 28, Erie County, New York",22431,9845
1500000US360290029001,360290029001,"Block Group 1, Census Tract 29, Erie County, New York",23676,10505
1500000US360290029002,360290029002,"Block Group 2, Census Tract 29, Erie County, New York",26172,14348
1500000US360290029003,360290029003,"Block Group 3, Census Tract 29, Erie County, New York",22813,13014
1500000US360290029004,360290029004,"Block Group 4, Census Tract 29, Erie County, New York",26111,22625
1500000US360290030001,360290030001,"Block Group 1, Census Tract 30, Erie County, New York",23146,3890
1500000US360290030002,360290030002,"Block Group 2, Census Tract 30, Erie County, New York",16012,7597
1500000US360290030003,360290030003,"Block Group 3, Census Tract 30, Erie County, New York",25670,15945
1500000US360290031001,360290031001,"Block Group 1, Census Tract 31, Erie County, New York",16767,30665
1500000US360290031002,360290031002,"Block Group 2, Census Tract 31, Erie County, New York",35526,29380
1500000US360290031003,360290031003,"Block Group 3, Census Tract 31, Erie County, New York",27958,16523
1500000US360290031004,360290031004,"Block Group 4, Census Tract 31, Erie County, New York",11905,22929
1500000US360290033011,360290033011,"Block Group 1, Census Tract 33.01, Erie County, New York",25875,34185
1500000US360290033012,360290033012,"Block Group 2, Census Tract 33.01, Erie County, New York",38705,19540
1500000US360290033013,360290033013,"Block Group 3, Census Tract 33.01, Erie County, New York",26576,3979
1500000US360290033014,360290033014,"Block Group 4, Census Tract 33.01, Erie County, New York",21528,20461
1500000US360290033021,360290033021,"Block Group 1, Census Tract 33.02, Erie County, New York",24375,14648
1500000US360290033022,360290033022,"Block Group 2, Census Tract 33.02, Erie County, New York",20678,10968
1500000US360290033023,360290033023,"Block Group 3, Census Tract 33.02, Erie County, New York",31447,15806
1500000US360290033024,360290033024,"Block Group 4, Census Tract 33.02, Erie County, New York",11750,4575
1500000US360290034001,360290034001,"Block Group 1, Census Tract 34, Erie County, New York",26714,4231
1500000US360290034002,360290034002,"Block Group 2, Census Tract 34, Erie County, New York",15375,5137
1500000US360290034003,360290034003,"Block Group 3, Census Tract 34, Erie County, New York",62734,40974
1500000US360290034004,360290034004,"Block Group 4, Census Tract 34, Erie County, New York",23274,33237
1500000US360290034005,360290034005,"Block Group 5, Census Tract 34, Erie County, New York",24103,4629
1500000US360290035001,360290035001,"Block Group 1, Census Tract 35, Erie County, New York",13563,3650
1500000US360290035002,360290035002,"Block Group 2, Census Tract 35, Erie County, New York",22260,5852
1500000US360290035003,360290035003,"Block Group 3, Census Tract 35, Erie County, New York",14643,5154
1500000US360290035004,360290035004,"Block Group 4, Census Tract 35, Erie County, New York",18727,4863
1500000US360290036001,360290036001,"Block Group 1, Census Tract 36, Erie County, New York",20341,5986
1500000US360290036002,360290036002,"Block Group 2, Census Tract 36, Erie County, New York",29750,15423
1500000US360290036003,360290036003,"Block Group 3, Census Tract 36, Erie County, New York",25388,16656
1500000US360290036004,360290036004,"Block Group 4, Census Tract 36, Erie County, New York",34583,29968
1500000US360290037001,360290037001,"Block Group 1, Census Tract 37, Erie County, New York",17804,8295
1500000US360290037002,360290037002,"Block Group 2, Census Tract 37, Erie County, New York",28587,4770
1500000US360290037003,360290037003,"Block Group 3, Census Tract 37, Erie County, New York",17414,11513
1500000US360290037004,360290037004,"Block Group 4, Census Tract 37, Erie County, New York",30517,17257
1500000US360290037005,360290037005,"Block Group 5, Census Tract 37, Erie County, New York",27554,37420
1500000US360290038001,360290038001,"Block Group 1, Census Tract 38, Erie County, New York",29455,8592
1500000US360290038002,360290038002,"Block Group 2, Census Tract 38, Erie County, New York",15272,8020
1500000US360290038003,360290038003,"Block Group 3, Census Tract 38, Erie County, New York",26587,2103
1500000US360290039011,360290039011,"Block Group 1, Census Tract 39.01, Erie County, New York",28590,5719
1500000US360290040011,360290040011,"Block Group 1, Census Tract 40.01, Erie County, New York",18207,4878
1500000US360290040012,360290040012,"Block Group 2, Census Tract 40.01, Erie County, New York",19688,9019
1500000US360290040013,360290040013,"Block Group 3, Census Tract 40.01, Erie County, New York",11496,2702
1500000US360290040014,360290040014,"Block Group 4, Census Tract 40.01, Erie County, New York",25694,13970
1500000US360290040015,360290040015,"Block Group 5, Census Tract 40.01, Erie County, New York",27226,15199
1500000US360290041001,360290041001,"Block Group 1, Census Tract 41, Erie County, New York",31813,9153
1500000US360290041002,360290041002,"Block Group 2, Census Tract 41, Erie County, New York",28575,6662
1500000US360290041003,360290041003,"Block Group 3, Census Tract 41, Erie County, New York",41214,14710
1500000US360290041004,360290041004,"Block Group 4, Census Tract 41, Erie County, New York",30859,8785
1500000US360290042001,360290042001,"Block Group 1, Census Tract 42, Erie County, New York",35714,28026
1500000US360290042002,360290042002,"Block Group 2, Census Tract 42, Erie County, New York",35574,8626
1500000US360290042003,360290042003,"Block Group 3, Census Tract 42, Erie County, New York",29500,16797
1500000US360290042004,360290042004,"Block Group 4, Census Tract 42, Erie County, New York",20777,11184
1500000US360290042005,360290042005,"Block Group 5, Census Tract 42, Erie County, New York",40104,30444
1500000US360290043001,360290043001,"Block Group 1, Census Tract 43, Erie County, New York",37650,12932
1500000US360290043002,360290043002,"Block Group 2, Census Tract 43, Erie County, New York",32708,28103
1500000US360290043003,360290043003,"Block Group 3, Census Tract 43, Erie County, New York",35611,11188
1500000US360290043004,360290043004,"Block Group 4, Census Tract 43, Erie County, New York",54643,44378
1500000US360290043005,360290043005,"Block Group 5, Census Tract 43, Erie County, New York",39038,24306
1500000US360290043006,360290043006,"Block Group 6, Census Tract 43, Erie County, New York",18700,8643
1500000US360290043007,360290043007,"Block Group 7, Census Tract 43, Erie County, New York",31467,52194
1500000US360290044011,360290044011,"Block Group 1, Census Tract 44.01, Erie County, New York",31065,21013
1500000US360290044012,360290044012,"Block Group 2, Census Tract 44.01, Erie County, New York",29722,13949
1500000US360290044013,360290044013,"Block Group 3, Census Tract 44.01, Erie County, New York",38133,5497
1500000US360290044014,360290044014,"Block Group 4, Census Tract 44.01, Erie County, New York",36563,8855
1500000US360290044021,360290044021,"Block Group 1, Census Tract 44.02, Erie County, New York",12525,4392
1500000US360290044022,360290044022,"Block Group 2, Census Tract 44.02, Erie County, New York",17917,14154
1500000US360290045001,360290045001,"Block Group 1, Census Tract 45, Erie County, New York",61462,14700
1500000US360290045002,360290045002,"Block Group 2, Census Tract 45, Erie County, New York",22052,27536
1500000US360290045003,360290045003,"Block Group 3, Census Tract 45, Erie County, New York",54971,41275
1500000US360290045004,360290045004,"Block Group 4, Census Tract 45, Erie County, New York",106111,106485
1500000US360290045005,360290045005,"Block Group 5, Census Tract 45, Erie County, New York",77575,27847
1500000US360290045006,360290045006,"Block Group 6, Census Tract 45, Erie County, New York",60625,61442
1500000US360290046011,360290046011,"Block Group 1, Census Tract 46.01, Erie County, New York",45897,8423
1500000US360290046012,360290046012,"Block Group 2, Census Tract 46.01, Erie County, New York",47250,20647
1500000US360290046013,360290046013,"Block Group 3, Census Tract 46.01, Erie County, New York",73438,16688
1500000US360290046014,360290046014,"Block Group 4, Census Tract 46.01, Erie County, New York",32727,8907
1500000US360290046021,360290046021,"Block Group 1, Census Tract 46.02, Erie County, New York",-,**
1500000US360290047001,360290047001,"Block Group 1, Census Tract 47, Erie County, New York",39565,36160
1500000US360290047002,360290047002,"Block Group 2, Census Tract 47, Erie County, New York",33966,8228
1500000US360290047003,360290047003,"Block Group 3, Census Tract 47, Erie County, New York",36563,48562
1500000US360290047004,360290047004,"Block Group 4, Census Tract 47, Erie County, New York",33542,10966
1500000US360290047005,360290047005,"Block Group 5, Census Tract 47, Erie County, New York",19190,23163
1500000US360290048001,360290048001,"Block Group 1, Census Tract 48, Erie County, New York",79340,15575
1500000US360290048002,360290048002,"Block Group 2, Census Tract 48, Erie County, New York",58750,37703
1500000US360290048003,360290048003,"Block Group 3, Census Tract 48, Erie County, New York",69315,22146
1500000US360290049001,360290049001,"Block Group 1, Census Tract 49, Erie County, New York",39119,4431
1500000US360290049002,360290049002,"Block Group 2, Census Tract 49, Erie County, New York",47438,12603
1500000US360290049003,360290049003,"Block Group 3, Census Tract 49, Erie County, New York",60493,25137
1500000US360290049004,360290049004,"Block Group 4, Census Tract 49, Erie County, New York",42500,13584
1500000US360290049005,360290049005,"Block Group 5, Census Tract 49, Erie County, New York",58015,30698
1500000US360290050001,360290050001,"Block Group 1, Census Tract 50, Erie County, New York",45469,6607
1500000US360290050002,360290050002,"Block Group 2, Census Tract 50, Erie County, New York",41111,40120
1500000US360290050003,360290050003,"Block Group 3, Census Tract 50, Erie County, New York",32222,6456
1500000US360290051001,360290051001,"Block Group 1, Census Tract 51, Erie County, New York",42214,17645
1500000US360290051002,360290051002,"Block Group 2, Census Tract 51, Erie County, New York",25357,8226
1500000US360290051003,360290051003,"Block Group 3, Census Tract 51, Erie County, New York",45375,28534
1500000US360290051004,360290051004,"Block Group 4, Census Tract 51, Erie County, New York",51420,39979
1500000US360290052011,360290052011,"Block Group 1, Census Tract 52.01, Erie County, New York",61450,12818
1500000US360290052012,360290052012,"Block Group 2, Census Tract 52.01, Erie County, New York",59265,38271
1500000US360290052013,360290052013,"Block Group 3, Census Tract 52.01, Erie County, New York",58859,8758
1500000US360290052014,360290052014,"Block Group 4, Census Tract 52.01, Erie County, New York",42083,45741
1500000US360290052021,360290052021,"Block Group 1, Census Tract 52.02, Erie County, New York",33777,6496
1500000US360290052022,360290052022,"Block Group 2, Census Tract 52.02, Erie County, New York",31250,7939
1500000US360290053001,360290053001,"Block Group 1, Census Tract 53, Erie County, New York",62000,19015
1500000US360290053002,360290053002,"Block Group 2, Census Tract 53, Erie County, New York",11373,1819
1500000US360290054001,360290054001,"Block Group 1, Census Tract 54, Erie County, New York",48992,18473
1500000US360290054002,360290054002,"Block Group 2, Census Tract 54, Erie County, New York",34625,20492
1500000US360290054003,360290054003,"Block Group 3, Census Tract 54, Erie County, New York",94219,32420
1500000US360290054004,360290054004,"Block Group 4, Census Tract 54, Erie County, New York",58984,47310
1500000US360290055001,360290055001,"Block Group 1, Census Tract 55, Erie County, New York",35000,15962
1500000US360290055002,360290055002,"Block Group 2, Census Tract 55, Erie County, New York",33793,10798
1500000US360290055003,360290055003,"Block Group 3, Census Tract 55, Erie County, New York",24727,8270
1500000US360290055004,360290055004,"Block Group 4, Census Tract 55, Erie County, New York",9767,12422
1500000US360290056001,360290056001,"Block Group 1, Census Tract 56, Erie County, New York",12301,6685
1500000US360290056002,360290056002,"Block Group 2, Census Tract 56, Erie County, New York",47031,26431
1500000US360290056003,360290056003,"Block Group 3, Census Tract 56, Erie County, New York",30972,19443
1500000US360290056004,360290056004,"Block Group 4, Census Tract 56, Erie County, New York",20491,8578
1500000US360290056005,360290056005,"Block Group 5, Census Tract 56, Erie County, New York",30875,7721
1500000US360290057001,360290057001,"Block Group 1, Census Tract 57, Erie County, New York",14904,3361
1500000US360290057002,360290057002,"Block Group 2, Census Tract 57, Erie County, New York",39583,15065
1500000US360290057003,360290057003,"Block Group 3, Census Tract 57, Erie County, New York",20074,11888
1500000US360290058011,360290058011,"Block Group 1, Census Tract 58.01, Erie County, New York",22163,11060
1500000US360290058012,360290058012,"Block Group 2, Census Tract 58.01, Erie County, New York",31026,10444
1500000US360290058013,360290058013,"Block Group 3, Census Tract 58.01, Erie County, New York",24191,8702
1500000US360290058021,360290058021,"Block Group 1, Census Tract 58.02, Erie County, New York",27650,4646
1500000US360290058022,360290058022,"Block Group 2, Census Tract 58.02, Erie County, New York",24762,6878
1500000US360290058023,360290058023,"Block Group 3, Census Tract 58.02, Erie County, New York",19896,32859
1500000US360290058024,360290058024,"Block Group 4, Census Tract 58.02, Erie County, New York",35492,25170
1500000US360290059001,360290059001,"Block Group 1, Census Tract 59, Erie County, New York",31023,9572
1500000US360290059002,360290059002,"Block Group 2, Census Tract 59, Erie County, New York",18472,13734
1500000US360290059003,360290059003,"Block Group 3, Census Tract 59, Erie County, New York",21528,14542
1500000US360290059004,360290059004,"Block Group 4, Census Tract 59, Erie County, New York",20125,18707
1500000US360290059005,360290059005,"Block Group 5, Census Tract 59, Erie County, New York",16472,2038
1500000US360290061001,360290061001,"Block Group 1, Census Tract 61, Erie County, New York",36792,13415
1500000US360290061002,360290061002,"Block Group 2, Census Tract 61, Erie County, New York",33125,22104
1500000US360290061003,360290061003,"Block Group 3, Census Tract 61, Erie County, New York",38640,14661
1500000US360290061004,360290061004,"Block Group 4, Census Tract 61, Erie County, New York",18621,7095
1500000US360290061005,360290061005,"Block Group 5, Census Tract 61, Erie County, New York",19487,18661
1500000US360290062011,360290062011,"Block Group 1, Census Tract 62.01, Erie County, New York",-,**
1500000US360290063011,360290063011,"Block Group 1, Census Tract 63.01, Erie County, New York",52155,11204
1500000US360290063012,360290063012,"Block Group 2, Census Tract 63.01, Erie County, New York",70224,6721
1500000US360290063013,360290063013,"Block Group 3, Census Tract 63.01, Erie County, New York",70625,73210
1500000US360290063014,360290063014,"Block Group 4, Census Tract 63.01, Erie County, New York",56607,11905
1500000US360290063015,360290063015,"Block Group 5, Census Tract 63.01, Erie County, New York",19779,27093
1500000US360290063021,360290063021,"Block Group 1, Census Tract 63.02, Erie County, New York",85556,13365
1500000US360290063022,360290063022,"Block Group 2, Census Tract 63.02, Erie County, New York",66339,17161
1500000US360290063023,360290063023,"Block Group 3, Census Tract 63.02, Erie County, New York",69688,20712
1500000US360290065011,360290065011,"Block Group 1, Census Tract 65.01, Erie County, New York",62386,23453
1500000US360290065012,360290065012,"Block Group 2, Census Tract 65.01, Erie County, New York",60132,28135
1500000US360290065013,360290065013,"Block Group 3, Census Tract 65.01, Erie County, New York",42460,4548
1500000US360290065014,360290065014,"Block Group 4, Census Tract 65.01, Erie County, New York",23045,4760
1500000US360290066011,360290066011,"Block Group 1, Census Tract 66.01, Erie County, New York",30391,12104
1500000US360290066012,360290066012,"Block Group 2, Census Tract 66.01, Erie County, New York",56250,36625
1500000US360290066013,360290066013,"Block Group 3, Census Tract 66.01, Erie County, New York",19543,6651
1500000US360290066021,360290066021,"Block Group 1, Census Tract 66.02, Erie County, New York",51250,15926
1500000US360290066022,360290066022,"Block Group 2, Census Tract 66.02, Erie County, New York",59625,8782
1500000US360290066023,360290066023,"Block Group 3, Census Tract 66.02, Erie County, New York",13750,2953
1500000US360290067011,360290067011,"Block Group 1, Census Tract 67.01, Erie County, New York",37409,17867
1500000US360290067012,360290067012,"Block Group 2, Census Tract 67.01, Erie County, New York",46318,9748
1500000US360290067013,360290067013,"Block Group 3, Census Tract 67.01, Erie County, New York",46984,14047
1500000US360290067021,360290067021,"Block Group 1, Census Tract 67.02, Erie County, New York",33359,14727
1500000US360290067022,360290067022,"Block Group 2, Census Tract 67.02, Erie County, New York",34398,21957
1500000US360290067023,360290067023,"Block Group 3, Census Tract 67.02, Erie County, New York",41941,18877
1500000US360290068001,360290068001,"Block Group 1, Census Tract 68, Erie County, New York",31486,17417
1500000US360290068002,360290068002,"Block Group 2, Census Tract 68, Erie County, New York",50956,11996
1500000US360290068003,360290068003,"Block Group 3, Census Tract 68, Erie County, New York",26299,9341
1500000US360290068004,360290068004,"Block Group 4, Census Tract 68, Erie County, New York",52813,24634
1500000US360290069011,360290069011,"Block Group 1, Census Tract 69.01, Erie County, New York",18875,13999
1500000US360290069012,360290069012,"Block Group 2, Census Tract 69.01, Erie County, New York",17602,9651
1500000US360290069013,360290069013,"Block Group 3, Census Tract 69.01, Erie County, New York",22434,16504
1500000US360290069014,360290069014,"Block Group 4, Census Tract 69.01, Erie County, New York",24722,10591
1500000US360290069021,360290069021,"Block Group 1, Census Tract 69.02, Erie County, New York",32569,14166
1500000US360290069022,360290069022,"Block Group 2, Census Tract 69.02, Erie County, New York",35432,24506
1500000US360290069023,360290069023,"Block Group 3, Census Tract 69.02, Erie County, New York",9925,15500
1500000US360290069024,360290069024,"Block Group 4, Census Tract 69.02, Erie County, New York",13710,2480
1500000US360290070001,360290070001,"Block Group 1, Census Tract 70, Erie County, New York",15250,3686
1500000US360290070002,360290070002,"Block Group 2, Census Tract 70, Erie County, New York",17132,10236
1500000US360290070003,360290070003,"Block Group 3, Census Tract 70, Erie County, New York",31389,27975
1500000US360290071011,360290071011,"Block Group 1, Census Tract 71.01, Erie County, New York",32639,19832
1500000US360290071012,360290071012,"Block Group 2, Census Tract 71.01, Erie County, New York",9988,2014
1500000US360290071013,360290071013,"Block Group 3, Census Tract 71.01, Erie County, New York",25905,3552
1500000US360290071014,360290071014,"Block Group 4, Census Tract 71.01, Erie County, New York",9677,8678
1500000US360290071021,360290071021,"Block Group 1, Census Tract 71.02, Erie County, New York",12556,5670
1500000US360290071022,360290071022,"Block Group 2, Census Tract 71.02, Erie County, New York",19063,12416
1500000US360290071023,360290071023,"Block Group 3, Census Tract 71.02, Erie County, New York",35250,27042
1500000US360290072021,360290072021,"Block Group 1, Census Tract 72.02, Erie County, New York",44571,8383
1500000US360290073021,360290073021,"Block Group 1, Census Tract 73.02, Erie County, New York",63984,29814
1500000US360290073022,360290073022,"Block Group 2, Census Tract 73.02, Erie County, New York",61600,21217
1500000US360290073023,360290073023,"Block Group 3, Census Tract 73.02, Erie County, New York",99267,13030
1500000US360290073024,360290073024,"Block Group 4, Census Tract 73.02, Erie County, New York",85192,23977
1500000US360290073025,360290073025,"Block Group 5, Census Tract 73.02, Erie County, New York",96964,49788
1500000US360290073026,360290073026,"Block Group 6, Census Tract 73.02, Erie County, New York",53194,22069
1500000US360290073031,360290073031,"Block Group 1, Census Tract 73.03, Erie County, New York",99268,29824
1500000US360290073032,360290073032,"Block Group 2, Census Tract 73.03, Erie County, New York",66528,19548
1500000US360290073033,360290073033,"Block Group 3, Census Tract 73.03, Erie County, New York",44417,15573
1500000US360290073034,360290073034,"Block Group 4, Census Tract 73.03, Erie County, New York",95083,29356
1500000US360290073041,360290073041,"Block Group 1, Census Tract 73.04, Erie County, New York",95564,10133
1500000US360290073042,360290073042,"Block Group 2, Census Tract 73.04, Erie County, New York",95536,11183
1500000US360290076001,360290076001,"Block Group 1, Census Tract 76, Erie County, New York",46094,12090
1500000US360290076002,360290076002,"Block Group 2, Census Tract 76, Erie County, New York",54485,12036
1500000US360290076003,360290076003,"Block Group 3, Census Tract 76, Erie County, New York",49955,24580
1500000US360290077001,360290077001,"Block Group 1, Census Tract 77, Erie County, New York",32366,8023
1500000US360290077002,360290077002,"Block Group 2, Census Tract 77, Erie County, New York",41786,4739
1500000US360290077003,360290077003,"Block Group 3, Census Tract 77, Erie County, New York",40956,15269
1500000US360290077004,360290077004,"Block Group 4, Census Tract 77, Erie County, New York",33409,31760
1500000US360290077005,360290077005,"Block Group 5, Census Tract 77, Erie County, New York",53393,22401
1500000US360290078001,360290078001,"Block Group 1, Census Tract 78, Erie County, New York",59167,10512
1500000US360290078002,360290078002,"Block Group 2, Census Tract 78, Erie County, New York",24890,14434
1500000US360290078003,360290078003,"Block Group 3, Census Tract 78, Erie County, New York",62386,20029
1500000US360290078004,360290078004,"Block Group 4, Census Tract 78, Erie County, New York",72759,15055
1500000US360290079011,360290079011,"Block Group 1, Census Tract 79.01, Erie County, New York",93300,17649
1500000US360290079012,360290079012,"Block Group 2, Census Tract 79.01, Erie County, New York",54655,8443
1500000US360290079013,360290079013,"Block Group 3, Census Tract 79.01, Erie County, New York",59375,27549
1500000US360290079021,360290079021,"Block Group 1, Census Tract 79.02, Erie County, New York",54356,36932
1500000US360290079022,360290079022,"Block Group 2, Census Tract 79.02, Erie County, New York",50368,43971
1500000US360290079023,360290079023,"Block Group 3, Census Tract 79.02, Erie County, New York",54726,6156
1500000US360290079024,360290079024,"Block Group 4, Census Tract 79.02, Erie County, New York",53726,12174
1500000US360290079025,360290079025,"Block Group 5, Census Tract 79.02, Erie County, New York",61799,11047
1500000US360290079026,360290079026,"Block Group 6, Census Tract 79.02, Erie County, New York",67321,21673
1500000US360290079031,360290079031,"Block Group 1, Census Tract 79.03, Erie County, New York",56488,11407
1500000US360290079032,360290079032,"Block Group 2, Census Tract 79.03, Erie County, New York",52269,19211
1500000US360290079033,360290079033,"Block Group 3, Census Tract 79.03, Erie County, New York",68750,17486
1500000US360290079041,360290079041,"Block Group 1, Census Tract 79.04, Erie County, New York",60313,18715
1500000US360290079042,360290079042,"Block Group 2, Census Tract 79.04, Erie County, New York",80347,15790
1500000US360290079043,360290079043,"Block Group 3, Census Tract 79.04, Erie County, New York",42500,12954
1500000US360290079051,360290079051,"Block Group 1, Census Tract 79.05, Erie County, New York",66023,9875
1500000US360290079052,360290079052,"Block Group 2, Census Tract 79.05, Erie County, New York",55147,26233
1500000US360290079053,360290079053,"Block Group 3, Census Tract 79.05, Erie County, New York",69231,8020
1500000US360290080011,360290080011,"Block Group 1, Census Tract 80.01, Erie County, New York",44831,12057
1500000US360290080012,360290080012,"Block Group 2, Census Tract 80.01, Erie County, New York",79293,10168
1500000US360290080013,360290080013,"Block Group 3, Census Tract 80.01, Erie County, New York",61250,11857
1500000US360290080014,360290080014,"Block Group 4, Census Tract 80.01, Erie County, New York",57292,23484
1500000US360290080015,360290080015,"Block Group 5, Census Tract 80.01, Erie County, New York",55744,8771
1500000US360290080016,360290080016,"Block Group 6, Census Tract 80.01, Erie County, New York",60781,35254
1500000US360290080021,360290080021,"Block Group 1, Census Tract 80.02, Erie County, New York",34321,33835
1500000US360290080022,360290080022,"Block Group 2, Census Tract 80.02, Erie County, New York",45417,9608
1500000US360290080023,360290080023,"Block Group 3, Census Tract 80.02, Erie County, New York",54688,26098
1500000US360290080024,360290080024,"Block Group 4, Census Tract 80.02, Erie County, New York",57438,23295
1500000US360290080025,360290080025,"Block Group 5, Census Tract 80.02, Erie County, New York",74659,13544
1500000US360290080026,360290080026,"Block Group 6, Census Tract 80.02, Erie County, New York",74659,28150
1500000US360290080031,360290080031,"Block Group 1, Census Tract 80.03, Erie County, New York",52212,7699
1500000US360290080032,360290080032,"Block Group 2, Census Tract 80.03, Erie County, New York",30457,16215
1500000US360290080033,360290080033,"Block Group 3, Census Tract 80.03, Erie County, New York",38833,65072
1500000US360290080034,360290080034,"Block Group 4, Census Tract 80.03, Erie County, New York",65804,21880
1500000US360290080035,360290080035,"Block Group 5, Census Tract 80.03, Erie County, New York",67500,6023
1500000US360290081011,360290081011,"Block Group 1, Census Tract 81.01, Erie County, New York",47702,7346
1500000US360290081012,360290081012,"Block Group 2, Census Tract 81.01, Erie County, New York",58419,22103
1500000US360290081013,360290081013,"Block Group 3, Census Tract 81.01, Erie County, New York",52301,19985
1500000US360290081014,360290081014,"Block Group 4, Census Tract 81.01, Erie County, New York",62232,18465
1500000US360290081015,360290081015,"Block Group 5, Census Tract 81.01, Erie County, New York",35583,6026
1500000US360290081021,360290081021,"Block Group 1, Census Tract 81.02, Erie County, New York",67188,16949
1500000US360290081022,360290081022,"Block Group 2, Census Tract 81.02, Erie County, New York",53750,11608
1500000US360290081023,360290081023,"Block Group 3, Census Tract 81.02, Erie County, New York",134107,55749
1500000US360290081024,360290081024,"Block Group 4, Census Tract 81.02, Erie County, New York",73882,12146
1500000US360290081025,360290081025,"Block Group 5, Census Tract 81.02, Erie County, New York",45577,28844
1500000US360290082011,360290082011,"Block Group 1, Census Tract 82.01, Erie County, New York",47750,12551
1500000US360290082012,360290082012,"Block Group 2, Census Tract 82.01, Erie County, New York",52734,11640
1500000US360290082013,360290082013,"Block Group 3, Census Tract 82.01, Erie County, New York",55789,9881
1500000US360290082021,360290082021,"Block Group 1, Census Tract 82.02, Erie County, New York",73920,16603
1500000US360290082022,360290082022,"Block Group 2, Census Tract 82.02, Erie County, New York",43676,6237
1500000US360290082023,360290082023,"Block Group 3, Census Tract 82.02, Erie County, New York",61078,13962
1500000US360290082024,360290082024,"Block Group 4, Census Tract 82.02, Erie County, New York",50938,11787
1500000US360290082025,360290082025,"Block Group 5, Census Tract 82.02, Erie County, New York",27244,8272
1500000US360290083001,360290083001,"Block Group 1, Census Tract 83, Erie County, New York",24120,8348
1500000US360290083002,360290083002,"Block Group 2, Census Tract 83, Erie County, New York",18432,4629
1500000US360290083003,360290083003,"Block Group 3, Census Tract 83, Erie County, New York",34286,27813
1500000US360290084001,360290084001,"Block Group 1, Census Tract 84, Erie County, New York",60781,22677
1500000US360290084002,360290084002,"Block Group 2, Census Tract 84, Erie County, New York",52232,14518
1500000US360290084003,360290084003,"Block Group 3, Census Tract 84, Erie County, New York",29470,11732
1500000US360290085001,360290085001,"Block Group 1, Census Tract 85, Erie County, New York",45129,15394
1500000US360290085002,360290085002,"Block Group 2, Census Tract 85, Erie County, New York",50703,4724
1500000US360290086001,360290086001,"Block Group 1, Census Tract 86, Erie County, New York",86090,9310
1500000US360290086002,360290086002,"Block Group 2, Census Tract 86, Erie County, New York",59892,26375
1500000US360290086003,360290086003,"Block Group 3, Census Tract 86, Erie County, New York",51058,51743
1500000US360290086004,360290086004,"Block Group 4, Census Tract 86, Erie County, New York",59306,11176
1500000US360290086005,360290086005,"Block Group 5, Census Tract 86, Erie County, New York",22572,16510
1500000US360290086006,360290086006,"Block Group 6, Census Tract 86, Erie County, New York",71736,14393
1500000US360290087001,360290087001,"Block Group 1, Census Tract 87, Erie County, New York",46032,7234
1500000US360290087002,360290087002,"Block Group 2, Census Tract 87, Erie County, New York",51465,13770
1500000US360290087003,360290087003,"Block Group 3, Census Tract 87, Erie County, New York",58235,12466
1500000US360290087004,360290087004,"Block Group 4, Census Tract 87, Erie County, New York",51688,32694
1500000US360290087005,360290087005,"Block Group 5, Census Tract 87, Erie County, New York",53533,19858
1500000US360290088001,360290088001,"Block Group 1, Census Tract 88, Erie County, New York",44779,11329
1500000US360290088002,360290088002,"Block Group 2, Census Tract 88, Erie County, New York",48208,8126
1500000US360290088003,360290088003,"Block Group 3, Census Tract 88, Erie County, New York",43603,5174
1500000US360290089001,360290089001,"Block Group 1, Census Tract 89, Erie County, New York",56591,20848
1500000US360290089002,360290089002,"Block Group 2, Census Tract 89, Erie County, New York",83177,25311
1500000US360290089003,360290089003,"Block Group 3, Census Tract 89, Erie County, New York",58906,13044
1500000US360290089004,360290089004,"Block Group 4, Census Tract 89, Erie County, New York",57500,15736
1500000US360290089005,360290089005,"Block Group 5, Census Tract 89, Erie County, New York",81065,10497
1500000US360290090041,360290090041,"Block Group 1, Census Tract 90.04, Erie County, New York",70758,7685
1500000US360290090042,360290090042,"Block Group 2, Census Tract 90.04, Erie County, New York",95875,21015
1500000US360290090061,360290090061,"Block Group 1, Census Tract 90.06, Erie County, New York",97601,40885
1500000US360290090062,360290090062,"Block Group 2, Census Tract 90.06, Erie County, New York",63393,10859
1500000US360290090063,360290090063,"Block Group 3, Census Tract 90.06, Erie County, New York",82465,34885
1500000US360290090064,360290090064,"Block Group 4, Census Tract 90.06, Erie County, New York",85174,24344
1500000US360290090065,360290090065,"Block Group 5, Census Tract 90.06, Erie County, New York",111161,36543
1500000US360290090071,360290090071,"Block Group 1, Census Tract 90.07, Erie County, New York",132981,50831
1500000US360290090072,360290090072,"Block Group 2, Census Tract 90.07, Erie County, New York",139926,69692
1500000US360290090073,360290090073,"Block Group 3, Census Tract 90.07, Erie County, New York",114545,22411
1500000US360290090074,360290090074,"Block Group 4, Census Tract 90.07, Erie County, New York",146250,75024
1500000US360290090081,360290090081,"Block Group 1, Census Tract 90.08, Erie County, New York",45658,15073
1500000US360290090082,360290090082,"Block Group 2, Census Tract 90.08, Erie County, New York",49659,46755
1500000US360290090083,360290090083,"Block Group 3, Census Tract 90.08, Erie County, New York",85375,39250
1500000US360290090091,360290090091,"Block Group 1, Census Tract 90.09, Erie County, New York",100000,20390
1500000US360290090092,360290090092,"Block Group 2, Census Tract 90.09, Erie County, New York",78861,7381
1500000US360290090101,360290090101,"Block Group 1, Census Tract 90.10, Erie County, New York",122143,14296
1500000US360290090102,360290090102,"Block Group 2, Census Tract 90.10, Erie County, New York",74013,16370
1500000US360290091041,360290091041,"Block Group 1, Census Tract 91.04, Erie County, New York",91053,24923
1500000US360290091042,360290091042,"Block Group 2, Census Tract 91.04, Erie County, New York",106750,33888
1500000US360290091043,360290091043,"Block Group 3, Census Tract 91.04, Erie County, New York",65368,20420
1500000US360290091061,360290091061,"Block Group 1, Census Tract 91.06, Erie County, New York",76818,18178
1500000US360290091062,360290091062,"Block Group 2, Census Tract 91.06, Erie County, New York",67639,25885
1500000US360290091071,360290091071,"Block Group 1, Census Tract 91.07, Erie County, New York",62125,20362
1500000US360290091072,360290091072,"Block Group 2, Census Tract 91.07, Erie County, New York",64875,27263
1500000US360290091073,360290091073,"Block Group 3, Census Tract 91.07, Erie County, New York",34054,11315
1500000US360290091074,360290091074,"Block Group 4, Census Tract 91.07, Erie County, New York",60242,11411
1500000US360290091091,360290091091,"Block Group 1, Census Tract 91.09, Erie County, New York",56591,7093
1500000US360290091092,360290091092,"Block Group 2, Census Tract 91.09, Erie County, New York",62778,16256
1500000US360290091101,360290091101,"Block Group 1, Census Tract 91.10, Erie County, New York",-,**
1500000US360290091121,360290091121,"Block Group 1, Census Tract 91.12, Erie County, New York",23820,2407
1500000US360290091131,360290091131,"Block Group 1, Census Tract 91.13, Erie County, New York",108261,21779
1500000US360290091132,360290091132,"Block Group 2, Census Tract 91.13, Erie County, New York",82357,11401
1500000US360290091133,360290091133,"Block Group 3, Census Tract 91.13, Erie County, New York",107778,7369
1500000US360290091141,360290091141,"Block Group 1, Census Tract 91.14, Erie County, New York",127969,17831
1500000US360290091142,360290091142,"Block Group 2, Census Tract 91.14, Erie County, New York",48674,8085
1500000US360290091143,360290091143,"Block Group 3, Census Tract 91.14, Erie County, New York",88000,9931
1500000US360290091151,360290091151,"Block Group 1, Census Tract 91.15, Erie County, New York",30804,5295
1500000US360290091152,360290091152,"Block Group 2, Census Tract 91.15, Erie County, New York",31806,7194
1500000US360290091161,360290091161,"Block Group 1, Census Tract 91.16, Erie County, New York",64459,15878
1500000US360290091162,360290091162,"Block Group 2, Census Tract 91.16, Erie County, New York",80647,29348
1500000US360290091163,360290091163,"Block Group 3, Census Tract 91.16, Erie County, New York",26701,4232
1500000US360290091164,360290091164,"Block Group 4, Census Tract 91.16, Erie County, New York",40909,22486
1500000US360290092001,360290092001,"Block Group 1, Census Tract 92, Erie County, New York",55516,14025
1500000US360290092002,360290092002,"Block Group 2, Census Tract 92, Erie County, New York",68036,6143
1500000US360290092003,360290092003,"Block Group 3, Census Tract 92, Erie County, New York",30424,11803
1500000US360290092004,360290092004,"Block Group 4, Census Tract 92, Erie County, New York",25833,22661
1500000US360290093011,360290093011,"Block Group 1, Census Tract 93.01, Erie County, New York",47050,30542
1500000US360290093012,360290093012,"Block Group 2, Census Tract 93.01, Erie County, New York",46750,29811
1500000US360290093013,360290093013,"Block Group 3, Census Tract 93.01, Erie County, New York",28811,10349
1500000US360290093014,360290093014,"Block Group 4, Census Tract 93.01, Erie County, New York",70458,20796
1500000US360290093015,360290093015,"Block Group 5, Census Tract 93.01, Erie County, New York",23110,10624
1500000US360290093021,360290093021,"Block Group 1, Census Tract 93.02, Erie County, New York",50469,16737
1500000US360290093022,360290093022,"Block Group 2, Census Tract 93.02, Erie County, New York",55551,6609
1500000US360290093023,360290093023,"Block Group 3, Census Tract 93.02, Erie County, New York",41719,30756
1500000US360290094011,360290094011,"Block Group 1, Census Tract 94.01, Erie County, New York",48750,16481
1500000US360290094012,360290094012,"Block Group 2, Census Tract 94.01, Erie County, New York",105645,22788
1500000US360290094013,360290094013,"Block Group 3, Census Tract 94.01, Erie County, New York",75095,31440
1500000US360290094014,360290094014,"Block Group 4, Census Tract 94.01, Erie County, New York",61442,10763
1500000US360290094015,360290094015,"Block Group 5, Census Tract 94.01, Erie County, New York",83950,20667
1500000US360290094021,360290094021,"Block Group 1, Census Tract 94.02, Erie County, New York",61544,22938
1500000US360290094022,360290094022,"Block Group 2, Census Tract 94.02, Erie County, New York",64718,17201
1500000US360290094023,360290094023,"Block Group 3, Census Tract 94.02, Erie County, New York",101806,19400
1500000US360290094024,360290094024,"Block Group 4, Census Tract 94.02, Erie County, New York",95750,31825
1500000US360290095011,360290095011,"Block Group 1, Census Tract 95.01, Erie County, New York",136081,54550
1500000US360290095012,360290095012,"Block Group 2, Census Tract 95.01, Erie County, New York",94181,16570
1500000US360290095013,360290095013,"Block Group 3, Census Tract 95.01, Erie County, New York",73250,19732
1500000US360290095014,360290095014,"Block Group 4, Census Tract 95.01, Erie County, New York",129258,38826
1500000US360290095021,360290095021,"Block Group 1, Census Tract 95.02, Erie County, New York",69122,9909
1500000US360290095022,360290095022,"Block Group 2, Census Tract 95.02, Erie County, New York",69609,24736
1500000US360290095023,360290095023,"Block Group 3, Census Tract 95.02, Erie County, New York",62206,11669
1500000US360290095024,360290095024,"Block Group 4, Census Tract 95.02, Erie County, New York",89750,34734
1500000US360290095025,360290095025,"Block Group 5, Census Tract 95.02, Erie County, New York",56250,23323
1500000US360290096001,360290096001,"Block Group 1, Census Tract 96, Erie County, New York",66250,18030
1500000US360290096002,360290096002,"Block Group 2, Census Tract 96, Erie County, New York",46404,13146
1500000US360290096003,360290096003,"Block Group 3, Census Tract 96, Erie County, New York",47188,12603
1500000US360290097011,360290097011,"Block Group 1, Census Tract 97.01, Erie County, New York",47548,7451
1500000US360290097012,360290097012,"Block Group 2, Census Tract 97.01, Erie County, New York",56797,10853
1500000US360290097021,360290097021,"Block Group 1, Census Tract 97.02, Erie County, New York",52375,4299
1500000US360290097022,360290097022,"Block Group 2, Census Tract 97.02, Erie County, New York",61797,9717
1500000US360290097023,360290097023,"Block Group 3, Census Tract 97.02, Erie County, New York",40931,8308
1500000US360290097024,360290097024,"Block Group 4, Census Tract 97.02, Erie County, New York",49738,9556
1500000US360290098001,360290098001,"Block Group 1, Census Tract 98, Erie County, New York",45726,16041
1500000US360290098002,360290098002,"Block Group 2, Census Tract 98, Erie County, New York",47969,9340
1500000US360290099001,360290099001,"Block Group 1, Census Tract 99, Erie County, New York",45833,8829
1500000US360290099002,360290099002,"Block Group 2, Census Tract 99, Erie County, New York",32788,4416
1500000US360290099003,360290099003,"Block Group 3, Census Tract 99, Erie County, New York",47366,15296
1500000US360290100011,360290100011,"Block Group 1, Census Tract 100.01, Erie County, New York",51691,11831
1500000US360290100012,360290100012,"Block Group 2, Census Tract 100.01, Erie County, New York",50583,13655
1500000US360290100021,360290100021,"Block Group 1, Census Tract 100.02, Erie County, New York",48162,11138
1500000US360290100022,360290100022,"Block Group 2, Census Tract 100.02, Erie County, New York",39333,13558
1500000US360290100023,360290100023,"Block Group 3, Census Tract 100.02, Erie County, New York",30486,13651
1500000US360290100031,360290100031,"Block Group 1, Census Tract 100.03, Erie County, New York",48448,5811
1500000US360290100032,360290100032,"Block Group 2, Census Tract 100.03, Erie County, New York",43167,16066
1500000US360290100033,360290100033,"Block Group 3, Census Tract 100.03, Erie County, New York",31603,4352
1500000US360290101011,360290101011,"Block Group 1, Census Tract 101.01, Erie County, New York",56389,4852
1500000US360290101012,360290101012,"Block Group 2, Census Tract 101.01, Erie County, New York",61532,10507
1500000US360290101013,360290101013,"Block Group 3, Census Tract 101.01, Erie County, New York",64464,35681
1500000US360290101014,360290101014,"Block Group 4, Census Tract 101.01, Erie County, New York",46161,30873
1500000US360290101021,360290101021,"Block Group 1, Census Tract 101.02, Erie County, New York",33382,8231
1500000US360290101022,360290101022,"Block Group 2, Census Tract 101.02, Erie County, New York",30855,13411
1500000US360290101023,360290101023,"Block Group 3, Census Tract 101.02, Erie County, New York",33167,5551
1500000US360290101031,360290101031,"Block Group 1, Census Tract 101.03, Erie County, New York",46863,6986
1500000US360290101032,360290101032,"Block Group 2, Census Tract 101.03, Erie County, New York",73988,7628
1500000US360290101033,360290101033,"Block Group 3, Census Tract 101.03, Erie County, New York",40547,6325
1500000US360290102011,360290102011,"Block Group 1, Census Tract 102.01, Erie County, New York",64426,24674
1500000US360290102012,360290102012,"Block Group 2, Census Tract 102.01, Erie County, New York",67600,9360
1500000US360290102013,360290102013,"Block Group 3, Census Tract 102.01, Erie County, New York",63750,20734
1500000US360290102021,360290102021,"Block Group 1, Census Tract 102.02, Erie County, New York",47622,16466
1500000US360290102022,360290102022,"Block Group 2, Census Tract 102.02, Erie County, New York",69514,20956
1500000US360290102023,360290102023,"Block Group 3, Census Tract 102.02, Erie County, New York",45313,13787
1500000US360290103001,360290103001,"Block Group 1, Census Tract 103, Erie County, New York",39375,16320
1500000US360290103002,360290103002,"Block Group 2, Census Tract 103, Erie County, New York",50921,13947
1500000US360290104001,360290104001,"Block Group 1, Census Tract 104, Erie County, New York",34408,6944
1500000US360290104002,360290104002,"Block Group 2, Census Tract 104, Erie County, New York",36004,3926
1500000US360290105001,360290105001,"Block Group 1, Census Tract 105, Erie County, New York",42917,27384
1500000US360290105002,360290105002,"Block Group 2, Census Tract 105, Erie County, New York",46827,4631
1500000US360290105003,360290105003,"Block Group 3, Census Tract 105, Erie County, New York",40278,12386
1500000US360290106001,360290106001,"Block Group 1, Census Tract 106, Erie County, New York",34828,16017
1500000US360290106002,360290106002,"Block Group 2, Census Tract 106, Erie County, New York",54674,14313
1500000US360290107001,360290107001,"Block Group 1, Census Tract 107, Erie County, New York",49342,8632
1500000US360290107002,360290107002,"Block Group 2, Census Tract 107, Erie County, New York",44569,6409
1500000US360290107003,360290107003,"Block Group 3, Census Tract 107, Erie County, New York",55057,23632
1500000US360290108031,360290108031,"Block Group 1, Census Tract 108.03, Erie County, New York",52625,7215
1500000US360290108032,360290108032,"Block Group 2, Census Tract 108.03, Erie County, New York",53750,22513
1500000US360290108041,360290108041,"Block Group 1, Census Tract 108.04, Erie County, New York",48826,10736
1500000US360290108042,360290108042,"Block Group 2, Census Tract 108.04, Erie County, New York",54886,7966
1500000US360290108051,360290108051,"Block Group 1, Census Tract 108.05, Erie County, New York",52813,17365
1500000US360290108052,360290108052,"Block Group 2, Census Tract 108.05, Erie County, New York",53317,15933
1500000US360290108053,360290108053,"Block Group 3, Census Tract 108.05, Erie County, New York",54856,11730
1500000US360290108071,360290108071,"Block Group 1, Census Tract 108.07, Erie County, New York",41399,9980
1500000US360290108072,360290108072,"Block Group 2, Census Tract 108.07, Erie County, New York",53833,28589
1500000US360290108073,360290108073,"Block Group 3, Census Tract 108.07, Erie County, New York",48125,18388
1500000US360290108074,360290108074,"Block Group 4, Census Tract 108.07, Erie County, New York",43958,24391
1500000US360290108081,360290108081,"Block Group 1, Census Tract 108.08, Erie County, New York",46250,20796
1500000US360290108082,360290108082,"Block Group 2, Census Tract 108.08, Erie County, New York",59605,11890
1500000US360290108083,360290108083,"Block Group 3, Census Tract 108.08, Erie County, New York",32212,37180
1500000US360290108084,360290108084,"Block Group 4, Census Tract 108.08, Erie County, New York",49100,36351
1500000US360290108091,360290108091,"Block Group 1, Census Tract 108.09, Erie County, New York",69550,5912
1500000US360290108092,360290108092,"Block Group 2, Census Tract 108.09, Erie County, New York",74632,11744
1500000US360290109011,360290109011,"Block Group 1, Census Tract 109.01, Erie County, New York",44773,19904
1500000US360290109012,360290109012,"Block Group 2, Census Tract 109.01, Erie County, New York",51818,9213
1500000US360290109013,360290109013,"Block Group 3, Census Tract 109.01, Erie County, New York",41648,14451
1500000US360290109021,360290109021,"Block Group 1, Census Tract 109.02, Erie County, New York",37959,8149
1500000US360290109022,360290109022,"Block Group 2, Census Tract 109.02, Erie County, New York",33057,5769
1500000US360290109023,360290109023,"Block Group 3, Census Tract 109.02, Erie County, New York",50352,21257
1500000US360290109024,360290109024,"Block Group 4, Census Tract 109.02, Erie County, New York",25757,9532
1500000US360290110001,360290110001,"Block Group 1, Census Tract 110, Erie County, New York",57262,14273
1500000US360290110002,360290110002,"Block Group 2, Census Tract 110, Erie County, New York",45568,16106
1500000US360290110003,360290110003,"Block Group 3, Census Tract 110, Erie County, New York",31295,14071
1500000US360290111001,360290111001,"Block Group 1, Census Tract 111, Erie County, New York",59537,9827
1500000US360290111002,360290111002,"Block Group 2, Census Tract 111, Erie County, New York",42167,8536
1500000US360290112001,360290112001,"Block Group 1, Census Tract 112, Erie County, New York",47428,5922
1500000US360290112002,360290112002,"Block Group 2, Census Tract 112, Erie County, New York",75147,18284
1500000US360290112003,360290112003,"Block Group 3, Census Tract 112, Erie County, New York",60954,12866
1500000US360290112004,360290112004,"Block Group 4, Census Tract 112, Erie County, New York",68438,13333
1500000US360290113001,360290113001,"Block Group 1, Census Tract 113, Erie County, New York",52107,8390
1500000US360290113002,360290113002,"Block Group 2, Census Tract 113, Erie County, New York",59091,15725
1500000US360290113003,360290113003,"Block Group 3, Census Tract 113, Erie County, New York",54107,14897
1500000US360290114001,360290114001,"Block Group 1, Census Tract 114, Erie County, New York",39135,22805
1500000US360290114002,360290114002,"Block Group 2, Census Tract 114, Erie County, New York",46481,5655
1500000US360290115001,360290115001,"Block Group 1, Census Tract 115, Erie County, New York",46786,11906
1500000US360290115002,360290115002,"Block Group 2, Census Tract 115, Erie County, New York",50398,18321
1500000US360290116001,360290116001,"Block Group 1, Census Tract 116, Erie County, New York",44710,8175
1500000US360290116002,360290116002,"Block Group 2, Census Tract 116, Erie County, New York",58935,12660
1500000US360290117001,360290117001,"Block Group 1, Census Tract 117, Erie County, New York",51389,16398
1500000US360290117002,360290117002,"Block Group 2, Census Tract 117, Erie County, New York",49485,26238
1500000US360290117003,360290117003,"Block Group 3, Census Tract 117, Erie County, New York",44088,5297
1500000US360290118001,360290118001,"Block Group 1, Census Tract 118, Erie County, New York",47337,13351
1500000US360290118002,360290118002,"Block Group 2, Census Tract 118, Erie County, New York",55030,10358
1500000US360290118003,360290118003,"Block Group 3, Census Tract 118, Erie County, New York",44931,17968
1500000US360290120011,360290120011,"Block Group 1, Census Tract 120.01, Erie County, New York",61250,8633
1500000US360290120012,360290120012,"Block Group 2, Census Tract 120.01, Erie County, New York",55750,4002
1500000US360290120013,360290120013,"Block Group 3, Census Tract 120.01, Erie County, New York",62222,30431
1500000US360290120021,360290120021,"Block Group 1, Census Tract 120.02, Erie County, New York",60875,19989
1500000US360290120022,360290120022,"Block Group 2, Census Tract 120.02, Erie County, New York",63487,4879
1500000US360290120031,360290120031,"Block Group 1, Census Tract 120.03, Erie County, New York",71853,3396
1500000US360290120032,360290120032,"Block Group 2, Census Tract 120.03, Erie County, New York",64510,5763
1500000US360290123001,360290123001,"Block Group 1, Census Tract 123, Erie County, New York",21750,9868
1500000US360290123002,360290123002,"Block Group 2, Census Tract 123, Erie County, New York",37115,7679
1500000US360290123003,360290123003,"Block Group 3, Census Tract 123, Erie County, New York",31339,14004
1500000US360290123004,360290123004,"Block Group 4, Census Tract 123, Erie County, New York",47778,14007
1500000US360290124001,360290124001,"Block Group 1, Census Tract 124, Erie County, New York",41786,18591
1500000US360290124002,360290124002,"Block Group 2, Census Tract 124, Erie County, New York",25826,3311
1500000US360290125011,360290125011,"Block Group 1, Census Tract 125.01, Erie County, New York",32403,17565
1500000US360290125012,360290125012,"Block Group 2, Census Tract 125.01, Erie County, New York",63977,20961
1500000US360290125013,360290125013,"Block Group 3, Census Tract 125.01, Erie County, New York",47600,12212
1500000US360290125014,360290125014,"Block Group 4, Census Tract 125.01, Erie County, New York",73571,58185
1500000US360290125015,360290125015,"Block Group 5, Census Tract 125.01, Erie County, New York",39643,24853
1500000US360290125021,360290125021,"Block Group 1, Census Tract 125.02, Erie County, New York",62500,24579
1500000US360290125022,360290125022,"Block Group 2, Census Tract 125.02, Erie County, New York",42583,9160
1500000US360290128001,360290128001,"Block Group 1, Census Tract 128, Erie County, New York",45625,9719
1500000US360290128002,360290128002,"Block Group 2, Census Tract 128, Erie County, New York",37990,13567
1500000US360290128003,360290128003,"Block Group 3, Census Tract 128, Erie County, New York",59205,9989
1500000US360290129011,360290129011,"Block Group 1, Census Tract 129.01, Erie County, New York",56679,13418
1500000US360290129012,360290129012,"Block Group 2, Census Tract 129.01, Erie County, New York",49250,6099
1500000US360290129013,360290129013,"Block Group 3, Census Tract 129.01, Erie County, New York",55490,12475
1500000US360290129014,360290129014,"Block Group 4, Census Tract 129.01, Erie County, New York",61636,7883
1500000US360290129015,360290129015,"Block Group 5, Census Tract 129.01, Erie County, New York",48269,11347
1500000US360290129021,360290129021,"Block Group 1, Census Tract 129.02, Erie County, New York",78636,18484
1500000US360290129022,360290129022,"Block Group 2, Census Tract 129.02, Erie County, New York",42986,15466
1500000US360290130011,360290130011,"Block Group 1, Census Tract 130.01, Erie County, New York",48889,5802
1500000US360290130012,360290130012,"Block Group 2, Census Tract 130.01, Erie County, New York",44861,11732
1500000US360290130013,360290130013,"Block Group 3, Census Tract 130.01, Erie County, New York",48125,24285
1500000US360290130014,360290130014,"Block Group 4, Census Tract 130.01, Erie County, New York",41181,10494
1500000US360290130021,360290130021,"Block Group 1, Census Tract 130.02, Erie County, New York",49653,12467
1500000US360290130022,360290130022,"Block Group 2, Census Tract 130.02, Erie County, New York",64732,32780
1500000US360290130023,360290130023,"Block Group 3, Census Tract 130.02, Erie County, New York",34810,7135
1500000US360290131011,360290131011,"Block Group 1, Census Tract 131.01, Erie County, New York",105632,10910
1500000US360290131012,360290131012,"Block Group 2, Census Tract 131.01, Erie County, New York",46875,9406
1500000US360290131013,360290131013,"Block Group 3, Census Tract 131.01, Erie County, New York",42135,8849
1500000US360290131014,360290131014,"Block Group 4, Census Tract 131.01, Erie County, New York",39453,18644
1500000US360290131015,360290131015,"Block Group 5, Census Tract 131.01, Erie County, New York",100741,55840
1500000US360290131021,360290131021,"Block Group 1, Census Tract 131.02, Erie County, New York",93021,5272
1500000US360290131022,360290131022,"Block Group 2, Census Tract 131.02, Erie County, New York",82542,13870
1500000US360290131023,360290131023,"Block Group 3, Census Tract 131.02, Erie County, New York",77750,29425
1500000US360290131024,360290131024,"Block Group 4, Census Tract 131.02, Erie County, New York",118359,25014
1500000US360290131025,360290131025,"Block Group 5, Census Tract 131.02, Erie County, New York",88879,14746
1500000US360290132011,360290132011,"Block Group 1, Census Tract 132.01, Erie County, New York",52121,11032
1500000US360290132012,360290132012,"Block Group 2, Census Tract 132.01, Erie County, New York",66103,16623
1500000US360290132013,360290132013,"Block Group 3, Census Tract 132.01, Erie County, New York",52196,8672
1500000US360290132021,360290132021,"Block Group 1, Census Tract 132.02, Erie County, New York",72297,10387
1500000US360290132022,360290132022,"Block Group 2, Census Tract 132.02, Erie County, New York",100329,9300
1500000US360290133001,360290133001,"Block Group 1, Census Tract 133, Erie County, New York",80139,23224
1500000US360290133002,360290133002,"Block Group 2, Census Tract 133, Erie County, New York",30739,6149
1500000US360290133003,360290133003,"Block Group 3, Census Tract 133, Erie County, New York",58214,11206
1500000US360290133004,360290133004,"Block Group 4, Census Tract 133, Erie County, New York",75398,15523
1500000US360290134001,360290134001,"Block Group 1, Census Tract 134, Erie County, New York",95142,28882
1500000US360290134002,360290134002,"Block Group 2, Census Tract 134, Erie County, New York",77188,35572
1500000US360290134003,360290134003,"Block Group 3, Census Tract 134, Erie County, New York",63083,18895
1500000US360290134004,360290134004,"Block Group 4, Census Tract 134, Erie County, New York",75781,26661
1500000US360290134005,360290134005,"Block Group 5, Census Tract 134, Erie County, New York",78750,14648
1500000US360290135011,360290135011,"Block Group 1, Census Tract 135.01, Erie County, New York",87630,22993
1500000US360290135012,360290135012,"Block Group 2, Census Tract 135.01, Erie County, New York",93250,25347
1500000US360290135013,360290135013,"Block Group 3, Census Tract 135.01, Erie County, New York",59669,11348
1500000US360290135021,360290135021,"Block Group 1, Census Tract 135.02, Erie County, New York",126215,35966
1500000US360290135022,360290135022,"Block Group 2, Census Tract 135.02, Erie County, New York",158750,26267
1500000US360290135023,360290135023,"Block Group 3, Census Tract 135.02, Erie County, New York",160083,34762
1500000US360290135024,360290135024,"Block Group 4, Census Tract 135.02, Erie County, New York",61250,34305
1500000US360290136001,360290136001,"Block Group 1, Census Tract 136, Erie County, New York",91406,18454
1500000US360290136002,360290136002,"Block Group 2, Census Tract 136, Erie County, New York",72105,27857
1500000US360290136003,360290136003,"Block Group 3, Census Tract 136, Erie County, New York",79148,25113
1500000US360290137011,360290137011,"Block Group 1, Census Tract 137.01, Erie County, New York",54118,60080
1500000US360290137012,360290137012,"Block Group 2, Census Tract 137.01, Erie County, New York",57203,16286
1500000US360290137013,360290137013,"Block Group 3, Census Tract 137.01, Erie County, New York",48239,8678
1500000US360290137014,360290137014,"Block Group 4, Census Tract 137.01, Erie County, New York",80489,22401
1500000US360290137021,360290137021,"Block Group 1, Census Tract 137.02, Erie County, New York",109250,33624
1500000US360290137022,360290137022,"Block Group 2, Census Tract 137.02, Erie County, New York",74934,18218
1500000US360290138001,360290138001,"Block Group 1, Census Tract 138, Erie County, New York",85089,16376
1500000US360290138002,360290138002,"Block Group 2, Census Tract 138, Erie County, New York",100227,45255
1500000US360290138003,360290138003,"Block Group 3, Census Tract 138, Erie County, New York",75101,15345
1500000US360290138004,360290138004,"Block Group 4, Census Tract 138, Erie County, New York",77292,52138
1500000US360290138005,360290138005,"Block Group 5, Census Tract 138, Erie County, New York",101250,14997
1500000US360290139001,360290139001,"Block Group 1, Census Tract 139, Erie County, New York",65365,5060
1500000US360290140001,360290140001,"Block Group 1, Census Tract 140, Erie County, New York",76042,21348
1500000US360290140002,360290140002,"Block Group 2, Census Tract 140, Erie County, New York",61083,13915
1500000US360290141011,360290141011,"Block Group 1, Census Tract 141.01, Erie County, New York",71985,28012
1500000US360290141012,360290141012,"Block Group 2, Census Tract 141.01, Erie County, New York",79608,17191
1500000US360290141013,360290141013,"Block Group 3, Census Tract 141.01, Erie County, New York",59735,14697
1500000US360290141021,360290141021,"Block Group 1, Census Tract 141.02, Erie County, New York",81382,19371
1500000US360290141022,360290141022,"Block Group 2, Census Tract 141.02, Erie County, New York",80756,13295
1500000US360290142041,360290142041,"Block Group 1, Census Tract 142.04, Erie County, New York",57821,4970
1500000US360290142042,360290142042,"Block Group 2, Census Tract 142.04, Erie County, New York",53962,9371
1500000US360290142061,360290142061,"Block Group 1, Census Tract 142.06, Erie County, New York",128417,20742
1500000US360290142062,360290142062,"Block Group 2, Census Tract 142.06, Erie County, New York",114211,34845
1500000US360290142063,360290142063,"Block Group 3, Census Tract 142.06, Erie County, New York",80163,21236
1500000US360290142071,360290142071,"Block Group 1, Census Tract 142.07, Erie County, New York",66957,12806
1500000US360290142072,360290142072,"Block Group 2, Census Tract 142.07, Erie County, New York",98750,25830
1500000US360290142073,360290142073,"Block Group 3, Census Tract 142.07, Erie County, New York",65061,14179
1500000US360290142081,360290142081,"Block Group 1, Census Tract 142.08, Erie County, New York",65804,28572
1500000US360290142082,360290142082,"Block Group 2, Census Tract 142.08, Erie County, New York",89503,14866
1500000US360290142083,360290142083,"Block Group 3, Census Tract 142.08, Erie County, New York",112539,20182
1500000US360290142091,360290142091,"Block Group 1, Census Tract 142.09, Erie County, New York",58478,31285
1500000US360290142092,360290142092,"Block Group 2, Census Tract 142.09, Erie County, New York",96250,7425
1500000US360290142093,360290142093,"Block Group 3, Census Tract 142.09, Erie County, New York",101458,22495
1500000US360290143001,360290143001,"Block Group 1, Census Tract 143, Erie County, New York",68269,41597
1500000US360290143002,360290143002,"Block Group 2, Census Tract 143, Erie County, New York",51972,17992
1500000US360290143003,360290143003,"Block Group 3, Census Tract 143, Erie County, New York",57143,7013
1500000US360290143004,360290143004,"Block Group 4, Census Tract 143, Erie County, New York",56651,7186
1500000US360290143005,360290143005,"Block Group 5, Census Tract 143, Erie County, New York",58450,37510
1500000US360290144001,360290144001,"Block Group 1, Census Tract 144, Erie County, New York",28521,3411
1500000US360290144002,360290144002,"Block Group 2, Census Tract 144, Erie County, New York",77727,12456
1500000US360290144003,360290144003,"Block Group 3, Census Tract 144, Erie County, New York",53500,21964
1500000US360290144004,360290144004,"Block Group 4, Census Tract 144, Erie County, New York",45313,13286
1500000US360290145011,360290145011,"Block Group 1, Census Tract 145.01, Erie County, New York",59250,11964
1500000US360290145012,360290145012,"Block Group 2, Census Tract 145.01, Erie County, New York",57313,5573
1500000US360290145021,360290145021,"Block Group 1, Census Tract 145.02, Erie County, New York",30854,11946
1500000US360290145022,360290145022,"Block Group 2, Census Tract 145.02, Erie County, New York",36115,5640
1500000US360290146011,360290146011,"Block Group 1, Census Tract 146.01, Erie County, New York",39888,14150
1500000US360290146012,360290146012,"Block Group 2, Census Tract 146.01, Erie County, New York",86992,12331
1500000US360290146013,360290146013,"Block Group 3, Census Tract 146.01, Erie County, New York",117708,34644
1500000US360290146014,360290146014,"Block Group 4, Census Tract 146.01, Erie County, New York",50976,21892
1500000US360290146031,360290146031,"Block Group 1, Census Tract 146.03, Erie County, New York",94393,18563
1500000US360290146032,360290146032,"Block Group 2, Census Tract 146.03, Erie County, New York",110160,32657
1500000US360290146033,360290146033,"Block Group 3, Census Tract 146.03, Erie County, New York",99764,62925
1500000US360290146041,360290146041,"Block Group 1, Census Tract 146.04, Erie County, New York",120853,23249
1500000US360290146042,360290146042,"Block Group 2, Census Tract 146.04, Erie County, New York",91896,22371
1500000US360290146043,360290146043,"Block Group 3, Census Tract 146.04, Erie County, New York",137083,51876
1500000US360290146044,360290146044,"Block Group 4, Census Tract 146.04, Erie County, New York",73542,18860
1500000US360290147011,360290147011,"Block Group 1, Census Tract 147.01, Erie County, New York",75000,12292
1500000US360290147012,360290147012,"Block Group 2, Census Tract 147.01, Erie County, New York",116477,35035
1500000US360290147013,360290147013,"Block Group 3, Census Tract 147.01, Erie County, New York",84632,12114
1500000US360290147021,360290147021,"Block Group 1, Census Tract 147.02, Erie County, New York",52188,20506
1500000US360290147022,360290147022,"Block Group 2, Census Tract 147.02, Erie County, New York",68892,50369
1500000US360290147023,360290147023,"Block Group 3, Census Tract 147.02, Erie County, New York",135536,29783
1500000US360290147024,360290147024,"Block Group 4, Census Tract 147.02, Erie County, New York",47377,13035
1500000US360290147025,360290147025,"Block Group 5, Census Tract 147.02, Erie County, New York",90179,19233
1500000US360290148011,360290148011,"Block Group 1, Census Tract 148.01, Erie County, New York",59167,24530
1500000US360290148012,360290148012,"Block Group 2, Census Tract 148.01, Erie County, New York",41447,11285
1500000US360290148031,360290148031,"Block Group 1, Census Tract 148.03, Erie County, New York",47404,53795
1500000US360290148032,360290148032,"Block Group 2, Census Tract 148.03, Erie County, New York",69333,27049
1500000US360290148033,360290148033,"Block Group 3, Census Tract 148.03, Erie County, New York",61121,14269
1500000US360290148034,360290148034,"Block Group 4, Census Tract 148.03, Erie County, New York",50833,11808
1500000US360290149011,360290149011,"Block Group 1, Census Tract 149.01, Erie County, New York",53945,3650
1500000US360290149012,360290149012,"Block Group 2, Census Tract 149.01, Erie County, New York",46000,6844
1500000US360290149031,360290149031,"Block Group 1, Census Tract 149.03, Erie County, New York",57214,19721
1500000US360290149032,360290149032,"Block Group 2, Census Tract 149.03, Erie County, New York",73571,9857
1500000US360290149033,360290149033,"Block Group 3, Census Tract 149.03, Erie County, New York",71769,7969
1500000US360290149034,360290149034,"Block Group 4, Census Tract 149.03, Erie County, New York",77115,26452
1500000US360290149041,360290149041,"Block Group 1, Census Tract 149.04, Erie County, New York",-,**
1500000US360290150011,360290150011,"Block Group 1, Census Tract 150.01, Erie County, New York",67237,8362
1500000US360290150012,360290150012,"Block Group 2, Census Tract 150.01, Erie County, New York",94107,14136
1500000US360290150013,360290150013,"Block Group 3, Census Tract 150.01, Erie County, New York",52727,18907
1500000US360290150021,360290150021,"Block Group 1, Census Tract 150.02, Erie County, New York",67386,8652
1500000US360290150022,360290150022,"Block Group 2, Census Tract 150.02, Erie County, New York",58125,17072
1500000US360290150031,360290150031,"Block Group 1, Census Tract 150.03, Erie County, New York",57714,7694
1500000US360290150032,360290150032,"Block Group 2, Census Tract 150.03, Erie County, New York",54167,25912
1500000US360290151011,360290151011,"Block Group 1, Census Tract 151.01, Erie County, New York",75091,26712
1500000US360290151012,360290151012,"Block Group 2, Census Tract 151.01, Erie County, New York",100875,55650
1500000US360290151013,360290151013,"Block Group 3, Census Tract 151.01, Erie County, New York",64777,62929
1500000US360290151021,360290151021,"Block Group 1, Census Tract 151.02, Erie County, New York",63277,3481
1500000US360290151022,360290151022,"Block Group 2, Census Tract 151.02, Erie County, New York",56771,10585
1500000US360290152011,360290152011,"Block Group 1, Census Tract 152.01, Erie County, New York",92574,44811
1500000US360290152012,360290152012,"Block Group 2, Census Tract 152.01, Erie County, New York",76346,9798
1500000US360290152021,360290152021,"Block Group 1, Census Tract 152.02, Erie County, New York",67396,29769
1500000US360290152022,360290152022,"Block Group 2, Census Tract 152.02, Erie County, New York",50882,21369
1500000US360290152023,360290152023,"Block Group 3, Census Tract 152.02, Erie County, New York",62419,11708
1500000US360290153011,360290153011,"Block Group 1, Census Tract 153.01, Erie County, New York",49931,20978
1500000US360290153012,360290153012,"Block Group 2, Census Tract 153.01, Erie County, New York",53555,10078
1500000US360290153013,360290153013,"Block Group 3, Census Tract 153.01, Erie County, New York",73125,14864
1500000US360290153021,360290153021,"Block Group 1, Census Tract 153.02, Erie County, New York",58636,12326
1500000US360290153022,360290153022,"Block Group 2, Census Tract 153.02, Erie County, New York",70550,19053
1500000US360290153023,360290153023,"Block Group 3, Census Tract 153.02, Erie County, New York",48882,12408
1500000US360290154011,360290154011,"Block Group 1, Census Tract 154.01, Erie County, New York",61823,7861
1500000US360290154012,360290154012,"Block Group 2, Census Tract 154.01, Erie County, New York",55417,13662
1500000US360290154021,360290154021,"Block Group 1, Census Tract 154.02, Erie County, New York",74730,17584
1500000US360290154022,360290154022,"Block Group 2, Census Tract 154.02, Erie County, New York",64681,74255
1500000US360290154023,360290154023,"Block Group 3, Census Tract 154.02, Erie County, New York",71567,17464
1500000US360290154024,360290154024,"Block Group 4, Census Tract 154.02, Erie County, New York",47454,27660
1500000US360290155011,360290155011,"Block Group 1, Census Tract 155.01, Erie County, New York",53708,6289
1500000US360290155031,360290155031,"Block Group 1, Census Tract 155.03, Erie County, New York",45909,13214
1500000US360290155032,360290155032,"Block Group 2, Census Tract 155.03, Erie County, New York",38684,15041
1500000US360290155041,360290155041,"Block Group 1, Census Tract 155.04, Erie County, New York",57813,9103
1500000US360290155042,360290155042,"Block Group 2, Census Tract 155.04, Erie County, New York",68102,12117
1500000US360290155043,360290155043,"Block Group 3, Census Tract 155.04, Erie County, New York",49667,24070
1500000US360290155044,360290155044,"Block Group 4, Census Tract 155.04, Erie County, New York",51821,19245
1500000US360290156001,360290156001,"Block Group 1, Census Tract 156, Erie County, New York",65114,9004
1500000US360290156002,360290156002,"Block Group 2, Census Tract 156, Erie County, New York",52750,8852
1500000US360290157001,360290157001,"Block Group 1, Census Tract 157, Erie County, New York",67716,7363
1500000US360290157002,360290157002,"Block Group 2, Census Tract 157, Erie County, New York",71667,39781
1500000US360290157003,360290157003,"Block Group 3, Census Tract 157, Erie County, New York",59625,9463
1500000US360290157004,360290157004,"Block Group 4, Census Tract 157, Erie County, New York",52000,14045
1500000US360290158001,360290158001,"Block Group 1, Census Tract 158, Erie County, New York",60417,15451
1500000US360290158002,360290158002,"Block Group 2, Census Tract 158, Erie County, New York",47344,16713
1500000US360290159001,360290159001,"Block Group 1, Census Tract 159, Erie County, New York",46176,5288
1500000US360290159002,360290159002,"Block Group 2, Census Tract 159, Erie County, New York",51845,12932
1500000US360290161001,360290161001,"Block Group 1, Census Tract 161, Erie County, New York",-,**
1500000US360290162001,360290162001,"Block Group 1, Census Tract 162, Erie County, New York",34491,7555
1500000US360290162002,360290162002,"Block Group 2, Census Tract 162, Erie County, New York",54722,20283
1500000US360290163001,360290163001,"Block Group 1, Census Tract 163, Erie County, New York",24338,10054
1500000US360290163002,360290163002,"Block Group 2, Census Tract 163, Erie County, New York",24167,20727
1500000US360290163003,360290163003,"Block Group 3, Census Tract 163, Erie County, New York",32019,9751
1500000US360290164001,360290164001,"Block Group 1, Census Tract 164, Erie County, New York",11811,1984
1500000US360290164002,360290164002,"Block Group 2, Census Tract 164, Erie County, New York",24348,12707
1500000US360290164003,360290164003,"Block Group 3, Census Tract 164, Erie County, New York",24063,20172
1500000US360290164004,360290164004,"Block Group 4, Census Tract 164, Erie County, New York",27137,5805
1500000US360290165001,360290165001,"Block Group 1, Census Tract 165, Erie County, New York",43676,10203
1500000US360290166001,360290166001,"Block Group 1, Census Tract 166, Erie County, New York",28846,5705
1500000US360290166002,360290166002,"Block Group 2, Census Tract 166, Erie County, New York",13250,2102
1500000US360290166003,360290166003,"Block Group 3, Census Tract 166, Erie County, New York",27928,2376
1500000US360290166004,360290166004,"Block Group 4, Census Tract 166, Erie County, New York",28990,8041
1500000US360290167001,360290167001,"Block Group 1, Census Tract 167, Erie County, New York",27283,8982
1500000US360290167002,360290167002,"Block Group 2, Census Tract 167, Erie County, New York",36382,16335
1500000US360290167003,360290167003,"Block Group 3, Census Tract 167, Erie County, New York",41364,18840
1500000US360290168001,360290168001,"Block Group 1, Census Tract 168, Erie County, New York",19679,10661
1500000US360290168002,360290168002,"Block Group 2, Census Tract 168, Erie County, New York",20500,3296
1500000US360290168003,360290168003,"Block Group 3, Census Tract 168, Erie County, New York",20144,6901
1500000US360290168004,360290168004,"Block Group 4, Census Tract 168, Erie County, New York",25109,7654
1500000US360290169001,360290169001,"Block Group 1, Census Tract 169, Erie County, New York",70250,34698
1500000US360290169002,360290169002,"Block Group 2, Census Tract 169, Erie County, New York",44609,11425
1500000US360290169003,360290169003,"Block Group 3, Census Tract 169, Erie County, New York",52721,35498
1500000US360290169004,360290169004,"Block Group 4, Census Tract 169, Erie County, New York",28021,10017
1500000US360290170001,360290170001,"Block Group 1, Census Tract 170, Erie County, New York",25313,11970
1500000US360290170002,360290170002,"Block Group 2, Census Tract 170, Erie County, New York",28796,6849
1500000US360290171001,360290171001,"Block Group 1, Census Tract 171, Erie County, New York",15321,3545
1500000US360290171002,360290171002,"Block Group 2, Census Tract 171, Erie County, New York",35294,20653
1500000US360290171003,360290171003,"Block Group 3, Census Tract 171, Erie County, New York",23021,14120
1500000US360290171004,360290171004,"Block Group 4, Census Tract 171, Erie County, New York",43438,14333
1500000US360290171005,360290171005,"Block Group 5, Census Tract 171, Erie County, New York",35162,10559
1500000US360290172001,360290172001,"Block Group 1, Census Tract 172, Erie County, New York",54038,8504
1500000US360290172002,360290172002,"Block Group 2, Census Tract 172, Erie County, New York",15809,25656
1500000US360290172003,360290172003,"Block Group 3, Census Tract 172, Erie County, New York",43500,28142
1500000US360290173001,360290173001,"Block Group 1, Census Tract 173, Erie County, New York",85147,17986
1500000US360290173002,360290173002,"Block Group 2, Census Tract 173, Erie County, New York",60042,14254
1500000US360290173003,360290173003,"Block Group 3, Census Tract 173, Erie County, New York",85281,11869
1500000US360290173004,360290173004,"Block Group 4, Census Tract 173, Erie County, New York",66146,10753
1500000US360290174001,360290174001,"Block Group 1, Census Tract 174, Erie County, New York",26087,12339
1500000US360290174002,360290174002,"Block Group 2, Census Tract 174, Erie County, New York",39476,22470
1500000US360290174003,360290174003,"Block Group 3, Census Tract 174, Erie County, New York",16875,4179
1500000US360290174004,360290174004,"Block Group 4, Census Tract 174, Erie County, New York",17760,3261
1500000US360290175011,360290175011,"Block Group 1, Census Tract 175.01, Erie County, New York",35000,17298
1500000US360290175012,360290175012,"Block Group 2, Census Tract 175.01, Erie County, New York",37750,12943
1500000US360290175021,360290175021,"Block Group 1, Census Tract 175.02, Erie County, New York",70293,14822
1500000US360290175022,360290175022,"Block Group 2, Census Tract 175.02, Erie County, New York",59231,9587
1500000US360299400001,360299400001,"Block Group 1, Census Tract 9400, Erie County, New York",32500,9387
1500000US360299400002,360299400002,"Block Group 2, Census Tract 9400, Erie County, New York",31023,7021
1500000US360299401001,360299401001,"Block Group 1, Census Tract 9401, Erie County, New York",-,**
1500000US360299900000,360299900000,"Block Group 0, Census Tract 9900, Erie County, New York",-,**
